goals_pens,goals,xg_assist_per90,position,npxg,xg,goals_assists_per90,xg_per90,minutes_90s,birth_year,goals_per90,goals_pens_per90,games_starts,npxg_per90,cards_yellow,games,goals_assists,goals_assists_pens_per90,pens_made,age,progressive_passes_received,npxg_xg_assist_per90,minutes,pens_att,player,npxg_xg_assist,progressive_passes,assists_per90,assists,team,progressive_carries,xg_xg_assist_per90,cards_red,xg_assist
0,0,0.27,FW,0.0,0.0,0.00,0.00,0.9,2000,0.00,0.00,0,0.00,0,3,0,0.00,0,24-315,5,0.27,80,0,Brenden Aaronson,0.2,2,0.00,0,"<a href=""/en/squads/5bfb9659/Leeds-United-Stats"">Leeds United</a>",2,0.27,0,0.2
0,0,0.00,DF,0.1,0.1,0.00,0.09,1.0,2006,0.00,0.00,1,0.09,0,1,0,0.00,0,19-120,0,0.09,90,0,Joshua Acheampong,0.1,3,0.00,0,"<a href=""/en/squads/cff3d9bb/Chelsea-Stats"">Chelsea</a>",0,0.09,0,0.0
0,0,0.00,MF,0.1,0.1,0.00,0.02,3.0,1999,0.00,0.00,3,0.02,2,3,0,0.00,0,26-200,2,0.02,266,0,Tyler Adams,0.1,8,0.00,0,"<a href=""/en/squads/4ba7cbea/Bournemouth-Stats"">Bournemouth</a>",0,0.02,0,0.0
0,0,0.00,DF,0.0,0.0,0.00,0.00,2.0,1997,0.00,0.00,2,0.00,0,2,0,0.00,0,27-343,0,0.00,180,0,Tosin Adarabioyo,0.0,6,0.00,0,"<a href=""/en/squads/cff3d9bb/Chelsea-Stats"">Chelsea</a>",0,0.00,0,0.0
0,0,0.17,FW,0.1,0.1,0.00,0.08,1.8,2002,0.00,0.00,2,0.08,1,3,0,0.00,0,23-244,20,0.24,163,0,Simon Adingra,0.4,2,0.00,0,"<a href=""/en/squads/8ef52968/Sunderland-Stats"">Sunderland</a>",4,0.24,0,0.3
0,0,0.14,"FW,MF",0.0,0.0,0.00,0.00,0.6,2000,0.00,0.00,0,0.00,0,2,0,0.00,0,25-115,8,0.14,52,0,Amine Adli,0.1,1,0.00,0,"<a href=""/en/squads/4ba7cbea/Bournemouth-Stats"">Bournemouth</a>",3,0.14,0,0.1
0,0,0.01,DF,0.2,0.2,0.00,0.08,3.0,1997,0.00,0.00,3,0.08,0,3,0,0.00,0,28-077,0,0.10,270,0,Emmanuel Agbadou,0.3,8,0.00,0,"<a href=""/en/squads/8cec06e1/Wolverhampton-Wanderers-Stats"">Wolves</a>",0,0.10,0,0.0
0,0,0.00,DF,0.1,0.1,0.00,0.05,2.0,1996,0.00,0.00,2,0.05,0,2,0,0.00,0,29-156,0,0.05,180,0,Nayef Aguerd,0.1,9,0.00,0,"<a href=""/en/squads/7c21e445/West-Ham-United-Stats"">West Ham</a>",2,0.05,0,0.0
0,0,0.05,DF,0.0,0.0,0.00,0.01,3.0,1996,0.00,0.00,3,0.01,1,3,0,0.00,0,28-329,8,0.06,270,0,Ola Aina,0.2,11,0.00,0,"<a href=""/en/squads/e4a775cb/Nottingham-Forest-Stats"">Nott'ham Forest</a>",5,0.06,0,0.1
0,0,0.09,DF,0.0,0.0,0.00,0.02,2.2,2001,0.00,0.00,3,0.02,1,3,0,0.00,0,24-088,8,0.11,202,0,Rayan Aït-Nouri,0.2,7,0.00,0,"<a href=""/en/squads/b8fd03ef/Manchester-City-Stats"">Manchester City</a>",6,0.11,0,0.2
0,0,0.00,DF,0.0,0.0,0.00,0.00,0.1,1998,0.00,0.00,0,0.00,0,1,0,0.00,0,27-138,0,0.00,6,0,Kristoffer Ajer,0.0,1,0.00,0,"<a href=""/en/squads/cd051869/Brentford-Stats"">Brentford</a>",0,0.00,0,0.0
0,0,0.00,DF,0.1,0.1,0.00,0.19,0.8,1995,0.00,0.00,0,0.19,0,1,0,0.00,0,30-196,0,0.19,68,0,Nathan Aké,0.1,2,0.00,0,"<a href=""/en/squads/b8fd03ef/Manchester-City-Stats"">Manchester City</a>",0,0.19,0,0.0
0,0,0.00,"FW,MF",0.0,0.0,0.00,0.01,1.3,2002,0.00,0.00,1,0.01,1,3,0,0.00,0,22-276,7,0.01,115,0,Carlos Alcaraz,0.0,1,0.00,0,"<a href=""/en/squads/d3fd31cc/Everton-Stats"">Everton</a>",1,0.01,0,0.0
0,0,0.02,DF,0.1,0.1,0.41,0.04,2.4,1996,0.00,0.00,2,0.04,0,3,1,0.41,0,28-250,0,0.06,218,0,Omar Alderete,0.1,13,0.41,1,"<a href=""/en/squads/8ef52968/Sunderland-Stats"">Sunderland</a>",5,0.06,0,0.0
0,0,0.00,GK,0.0,0.0,0.00,0.00,3.0,1992,0.00,0.00,3,0.00,0,3,0,0.00,0,32-335,0,0.00,270,0,Alisson,0.0,2,0.00,0,"<a href=""/en/squads/822bd0ba/Liverpool-Stats"">Liverpool</a>",0,0.00,0,0.0
0,0,0.00,MF,0.0,0.0,0.00,0.00,0.9,2000,0.00,0.00,1,0.00,0,1,0,0.00,0,24-353,2,0.00,77,0,Ethan Ampadu,0.0,3,0.00,0,"<a href=""/en/squads/5bfb9659/Leeds-United-Stats"">Leeds United</a>",0,0.00,0,0.0
0,0,0.23,DF,0.2,0.2,0.00,0.07,3.0,1996,0.00,0.00,3,0.07,0,3,0,0.00,0,29-094,1,0.30,270,0,Joachim Andersen,0.9,11,0.00,0,"<a href=""/en/squads/fd962109/Fulham-Stats"">Fulham</a>",2,0.30,0,0.7
0,0,0.36,MF,0.4,0.4,0.33,0.13,3.0,2002,0.00,0.00,3,0.13,0,3,1,0.33,0,22-300,10,0.48,270,0,Elliot Anderson,1.5,32,0.33,1,"<a href=""/en/squads/e4a775cb/Nottingham-Forest-Stats"">Nott'ham Forest</a>",6,0.48,0,1.1
0,0,0.00,MF,0.0,0.0,0.00,0.00,2.0,2001,0.00,0.00,2,0.00,0,3,0,0.00,0,24-048,1,0.00,179,0,André,0.0,10,0.00,0,"<a href=""/en/squads/8cec06e1/Wolverhampton-Wanderers-Stats"">Wolves</a>",1,0.00,0,0.0
2,2,0.05,"FW,MF",1.6,1.6,1.02,0.54,2.9,1999,0.68,0.68,3,0.54,1,3,3,1.02,0,25-275,14,0.60,264,0,Jaidon Anthony,1.7,8,0.34,1,"<a href=""/en/squads/943e8050/Burnley-Stats"">Burnley</a>",3,0.60,0,0.2
0,0,0.04,FW,0.2,0.2,0.00,0.11,1.5,1997,0.00,0.00,2,0.11,0,3,0,0.00,0,27-346,4,0.15,136,0,Jhon Arias,0.2,5,0.00,0,"<a href=""/en/squads/8cec06e1/Wolverhampton-Wanderers-Stats"">Wolves</a>",2,0.15,0,0.1
0,0,0.00,FW,0.0,0.0,0.00,0.00,0.0,2007,0.00,0.00,0,0.00,0,1,0,0.00,0,18-226,0,0.00,1,0,Harrison Armstrong,0.0,0,0.00,0,"<a href=""/en/squads/d3fd31cc/Everton-Stats"">Everton</a>",0,0.00,0,0.0
0,0,0.02,MF,0.2,0.2,0.00,0.07,2.1,2003,0.00,0.00,2,0.07,0,3,0,0.00,0,21-331,2,0.10,186,0,Yasin Ayari,0.2,11,0.00,0,"<a href=""/en/squads/d07537b9/Brighton-and-Hove-Albion-Stats"">Brighton</a>",0,0.10,0,0.1
0,0,0.02,MF,0.0,0.0,0.00,0.01,1.9,2004,0.00,0.00,3,0.01,0,3,0,0.00,0,21-242,0,0.03,172,0,Carlos Baleba,0.1,4,0.00,0,"<a href=""/en/squads/d07537b9/Brighton-and-Hove-Albion-Stats"">Brighton</a>",1,0.03,0,0.0
1,1,0.28,DF,0.2,0.2,0.92,0.17,1.1,1999,0.92,0.92,2,0.17,0,2,1,0.92,0,25-345,0,0.45,98,0,Daniel Ballard,0.5,1,0.00,0,"<a href=""/en/squads/8ef52968/Sunderland-Stats"">Sunderland</a>",0,0.45,0,0.3
0,0,0.32,FW,0.3,0.3,0.00,0.13,2.1,1997,0.00,0.00,2,0.13,0,3,0,0.00,0,27-267,16,0.45,187,0,Harvey Barnes,0.9,9,0.00,0,"<a href=""/en/squads/b2b47a98/Newcastle-United-Stats"">Newcastle Utd</a>",11,0.45,0,0.7
0,0,0.00,"FW,MF",0.4,0.4,0.00,0.38,0.9,2002,0.00,0.00,1,0.38,0,3,0,0.00,0,22-316,4,0.38,83,0,Thierno Barry,0.4,1,0.00,0,"<a href=""/en/squads/d3fd31cc/Everton-Stats"">Everton</a>",1,0.38,0,0.0
0,0,0.00,DF,0.2,0.2,0.00,0.05,3.0,1999,0.00,0.00,3,0.05,1,3,0,0.00,0,25-245,1,0.05,270,0,Calvin Bassey,0.2,3,0.00,0,"<a href=""/en/squads/fd962109/Fulham-Stats"">Fulham</a>",2,0.05,0,0.0
0,0,0.08,GK,0.0,0.0,0.00,0.00,3.0,1998,0.00,0.00,3,0.00,0,3,0,0.00,0,27-141,0,0.08,270,0,Altay Bayındır,0.2,0,0.00,0,"<a href=""/en/squads/19538871/Manchester-United-Stats"">Manchester Utd</a>",0,0.08,0,0.2
0,0,0.08,"FW,MF",0.1,0.1,0.00,0.05,1.6,1998,0.00,0.00,2,0.05,0,3,0,0.00,0,27-067,2,0.13,144,0,Jean-Ricner Bellegarde,0.2,10,0.00,0,"<a href=""/en/squads/8cec06e1/Wolverhampton-Wanderers-Stats"">Wolves</a>",4,0.13,0,0.1
0,0,0.01,MF,0.0,0.0,0.00,0.00,2.2,1997,0.00,0.00,2,0.00,0,3,0,0.00,0,28-069,3,0.01,200,0,Rodrigo Bentancur,0.0,10,0.00,0,"<a href=""/en/squads/361ca564/Tottenham-Hotspur-Stats"">Tottenham</a>",2,0.01,0,0.0
0,0,0.00,MF,0.4,0.4,0.00,0.15,2.7,1998,0.00,0.00,3,0.15,0,3,0,0.00,0,27-200,0,0.15,245,0,Sander Berge,0.4,14,0.00,0,"<a href=""/en/squads/fd962109/Fulham-Stats"">Fulham</a>",2,0.15,0,0.0
0,0,0.12,MF,0.2,0.2,0.00,0.13,1.3,2006,0.00,0.00,1,0.13,0,3,0,0.00,0,19-212,2,0.25,121,0,Lucas Bergvall,0.3,4,0.00,0,"<a href=""/en/squads/361ca564/Tottenham-Hotspur-Stats"">Tottenham</a>",5,0.25,0,0.2
1,1,0.08,FW,0.8,0.8,0.47,0.39,2.1,1998,0.47,0.47,2,0.39,1,3,1,0.47,0,27-214,8,0.47,192,0,Beto,1.0,1,0.00,0,"<a href=""/en/squads/d3fd31cc/Everton-Stats"">Everton</a>",1,0.47,0,0.2
0,0,0.00,GK,0.0,0.0,0.00,0.00,2.0,1991,0.00,0.00,2,0.00,1,2,0,0.00,0,34-176,0,0.00,180,0,Marco Bizot,0.0,1,0.00,0,"<a href=""/en/squads/8602292d/Aston-Villa-Stats"">Aston Villa</a>",0,0.00,0,0.0
0,0,0.08,"FW,MF",0.3,0.3,0.35,0.11,2.8,2003,0.00,0.00,3,0.11,0,3,1,0.35,0,22-052,33,0.19,254,0,Oscar Bobb,0.5,10,0.35,1,"<a href=""/en/squads/b8fd03ef/Manchester-City-Stats"">Manchester City</a>",9,0.19,0,0.2
0,0,0.00,MF,0.0,0.0,0.00,0.00,0.3,2004,0.00,0.00,0,0.00,1,2,0,0.00,0,21-240,0,0.00,24,0,Lamare Bogarde,0.0,1,0.00,0,"<a href=""/en/squads/8602292d/Aston-Villa-Stats"">Aston Villa</a>",1,0.00,0,0.0
0,0,0.02,DF,0.1,0.1,0.00,0.04,2.9,2000,0.00,0.00,3,0.04,1,3,0,0.00,0,25-037,9,0.06,262,0,Jayden Bogle,0.2,8,0.00,0,"<a href=""/en/squads/5bfb9659/Leeds-United-Stats"">Leeds United</a>",9,0.06,0,0.1
0,0,0.00,DF,0.0,0.0,0.00,0.00,0.7,2000,0.00,0.00,1,0.00,0,1,0,0.00,0,25-233,0,0.00,67,0,Sven Botman,0.0,2,0.00,0,"<a href=""/en/squads/b2b47a98/Newcastle-United-Stats"">Newcastle Utd</a>",0,0.00,0,0.0
1,1,0.28,FW,0.3,0.3,0.33,0.10,3.0,1996,0.33,0.33,3,0.10,0,3,1,0.33,0,28-256,26,0.38,270,0,Jarrod Bowen,1.1,8,0.00,0,"<a href=""/en/squads/7c21e445/West-Ham-United-Stats"">West Ham</a>",11,0.38,0,0.8
0,0,0.00,DF,0.0,0.0,0.00,0.00,0.1,2003,0.00,0.00,0,0.00,1,1,0,0.00,0,22-055,2,0.00,11,0,Conor Bradley,0.0,1,0.00,0,"<a href=""/en/squads/822bd0ba/Liverpool-Stats"">Liverpool</a>",1,0.00,0,0.0
0,0,0.59,"MF,FW",0.7,0.7,0.43,0.29,2.3,1997,0.00,0.00,3,0.29,1,3,1,0.43,0,28-056,18,0.88,211,0,David Brooks,2.1,7,0.43,1,"<a href=""/en/squads/4ba7cbea/Bournemouth-Stats"">Bournemouth</a>",5,0.88,0,1.4
0,0,0.31,"FW,MF",0.1,0.1,0.51,0.03,2.0,1998,0.00,0.00,2,0.03,0,3,1,0.51,0,26-348,13,0.34,177,0,Jacob Bruun Larsen,0.7,4,0.51,1,"<a href=""/en/squads/943e8050/Burnley-Stats"">Burnley</a>",1,0.34,0,0.6
0,0,0.20,MF,0.2,0.2,0.00,0.18,1.2,1996,0.00,0.00,0,0.18,0,2,0,0.00,0,28-251,4,0.39,104,0,Emi Buendía,0.4,9,0.00,0,"<a href=""/en/squads/8602292d/Aston-Villa-Stats"">Aston Villa</a>",3,0.39,0,0.2
0,0,0.13,MF,0.1,0.1,0.00,0.04,1.5,2002,0.00,0.00,1,0.04,1,3,0,0.00,0,22-349,9,0.16,138,0,Hugo Bueno,0.3,4,0.00,0,"<a href=""/en/squads/8cec06e1/Wolverhampton-Wanderers-Stats"">Wolves</a>",7,0.16,0,0.2
0,0,0.02,DF,0.0,0.0,0.00,0.00,1.4,1998,0.00,0.00,1,0.00,0,2,0,0.00,0,26-297,1,0.02,125,0,Santiago Bueno,0.0,4,0.00,0,"<a href=""/en/squads/8cec06e1/Wolverhampton-Wanderers-Stats"">Wolves</a>",0,0.02,0,0.0
0,0,0.01,DF,0.0,0.0,0.00,0.00,3.0,1992,0.00,0.00,3,0.00,1,3,0,0.00,0,33-116,1,0.02,270,0,Dan Burn,0.1,9,0.00,0,"<a href=""/en/squads/b2b47a98/Newcastle-United-Stats"">Newcastle Utd</a>",0,0.02,0,0.0
0,0,0.00,DF,0.0,0.0,0.00,0.00,0.1,1993,0.00,0.00,0,0.00,0,1,0,0.00,0,31-351,0,0.00,8,0,Sam Byram,0.0,0,0.00,0,"<a href=""/en/squads/5bfb9659/Leeds-United-Stats"">Leeds United</a>",0,0.00,0,0.0
1,1,0.00,MF,0.3,0.3,0.33,0.11,3.0,2001,0.33,0.33,3,0.11,1,3,1,0.33,0,23-304,2,0.11,270,0,Moisés Caicedo,0.3,20,0.00,0,"<a href=""/en/squads/cff3d9bb/Chelsea-Stats"">Chelsea</a>",3,0.11,0,0.0
0,0,0.00,MF,0.0,0.0,0.00,0.00,0.3,1991,0.00,0.00,0,0.00,1,1,0,0.00,0,34-225,1,0.00,25,0,Tom Cairney,0.0,0,0.00,0,"<a href=""/en/squads/fd962109/Fulham-Stats"">Fulham</a>",0,0.00,0,0.0
1,1,0.18,DF,1.4,1.4,1.21,0.57,2.5,2002,0.40,0.40,3,0.57,1,3,3,1.21,0,23-106,12,0.76,224,0,Riccardo Calafiori,1.9,8,0.80,2,"<a href=""/en/squads/18bb7c10/Arsenal-Stats"">Arsenal</a>",6,0.76,0,0.5
0,0,0.00,FW,0.1,0.1,0.00,0.30,0.2,1997,0.00,0.00,0,0.30,0,1,0,0.00,0,28-170,2,0.30,21,0,Dominic Calvert-Lewin,0.1,0,0.00,0,"<a href=""/en/squads/5bfb9659/Leeds-United-Stats"">Leeds United</a>",1,0.30,0,0.0
0,0,0.00,"FW,MF",0.0,0.0,0.00,0.03,1.0,2002,0.00,0.00,1,0.03,0,2,0,0.00,0,23-003,5,0.03,91,0,Fabio Carvalho,0.0,2,0.00,0,"<a href=""/en/squads/cd051869/Brentford-Stats"">Brentford</a>",2,0.03,0,0.0
0,0,0.04,MF,0.1,0.1,0.00,0.06,2.1,1992,0.00,0.00,3,0.06,1,3,0,0.00,0,33-191,4,0.11,187,0,Casemiro,0.2,9,0.00,0,"<a href=""/en/squads/19538871/Manchester-United-Stats"">Manchester Utd</a>",0,0.11,0,0.1
0,0,0.09,DF,0.0,0.0,0.00,0.00,2.8,1997,0.00,0.00,3,0.00,1,3,0,0.00,0,28-026,14,0.09,253,0,Matty Cash,0.3,11,0.00,0,"<a href=""/en/squads/8602292d/Aston-Villa-Stats"">Aston Villa</a>",3,0.09,0,0.2
0,0,0.06,"FW,DF",0.4,0.4,0.00,0.27,1.4,1995,0.00,0.00,2,0.27,0,3,0,0.00,0,29-271,10,0.33,127,0,Timothy Castagne,0.5,3,0.00,0,"<a href=""/en/squads/fd962109/Fulham-Stats"">Fulham</a>",1,0.33,0,0.1
1,1,0.00,DF,0.5,0.5,0.36,0.19,2.8,1999,0.36,0.36,3,0.19,0,3,1,0.36,0,26-059,0,0.19,248,0,Trevoh Chalobah,0.5,13,0.00,0,"<a href=""/en/squads/cff3d9bb/Chelsea-Stats"">Chelsea</a>",3,0.19,0,0.0
1,1,0.60,"MF,FW",0.1,0.1,1.27,0.07,0.8,2003,1.27,1.27,1,0.07,0,2,1,1.27,0,22-016,3,0.67,71,0,Rayan Cherki,0.5,6,0.00,0,"<a href=""/en/squads/b8fd03ef/Manchester-City-Stats"">Manchester City</a>",3,0.67,0,0.5
1,1,0.00,FW,0.3,0.3,2.81,0.79,0.4,1997,2.81,2.81,0,0.79,0,3,1,2.81,0,27-312,1,0.79,32,0,Federico Chiesa,0.3,1,0.00,0,"<a href=""/en/squads/822bd0ba/Liverpool-Stats"">Liverpool</a>",2,0.79,0,0.0
0,0,0.04,MF,0.1,0.1,0.00,0.10,0.6,1995,0.00,0.00,0,0.10,0,2,0,0.00,0,30-192,0,0.13,53,0,Ryan Christie,0.1,5,0.00,0,"<a href=""/en/squads/4ba7cbea/Bournemouth-Stats"">Bournemouth</a>",2,0.13,0,0.0
0,0,0.00,DF,0.0,0.0,0.00,0.00,0.1,1991,0.00,0.00,0,0.00,0,1,0,0.00,0,34-150,0,0.00,5,0,Nathaniel Clyne,0.0,0,0.00,0,"<a href=""/en/squads/47c64c55/Crystal-Palace-Stats"">Crystal Palace</a>",0,0.00,0,0.0
0,0,0.00,FW,0.0,0.0,0.00,0.00,0.0,1988,0.00,0.00,0,0.00,0,1,0,0.00,0,36-326,0,0.00,1,0,Séamus Coleman,0.0,0,0.00,0,"<a href=""/en/squads/d3fd31cc/Everton-Stats"">Everton</a>",0,0.00,0,0.0
0,0,0.00,DF,0.0,0.0,0.00,0.01,3.0,2001,0.00,0.00,3,0.01,1,3,0,0.00,0,24-125,0,0.01,270,0,Nathan Collins,0.0,6,0.00,0,"<a href=""/en/squads/cd051869/Brentford-Stats"">Brentford</a>",1,0.01,0,0.0
0,0,0.00,DF,0.0,0.0,0.00,0.00,0.0,2003,0.00,0.00,0,0.00,0,1,0,0.00,0,21-248,0,0.00,1,0,Diego Coppola,0.0,0,0.00,0,"<a href=""/en/squads/d07537b9/Brighton-and-Hove-Albion-Stats"">Brighton</a>",0,0.00,0,0.0
0,0,0.25,DF,0.1,0.1,0.36,0.04,2.8,1998,0.00,0.00,3,0.04,0,3,1,0.36,0,27-042,10,0.29,248,0,Marc Cucurella,0.8,16,0.36,1,"<a href=""/en/squads/cff3d9bb/Chelsea-Stats"">Chelsea</a>",4,0.29,0,0.7
0,0,0.00,DF,0.0,0.0,0.00,0.00,0.9,1999,0.00,0.00,1,0.00,0,1,0,0.00,0,25-289,0,0.00,83,0,Jorge Cuenca,0.0,2,0.00,0,"<a href=""/en/squads/fd962109/Fulham-Stats"">Fulham</a>",0,0.00,0,0.0
1,1,0.25,MF,0.1,0.1,0.67,0.03,3.0,1996,0.33,0.33,3,0.03,0,3,2,0.67,0,29-148,1,0.28,270,0,Josh Cullen,0.8,13,0.33,1,"<a href=""/en/squads/943e8050/Burnley-Stats"">Burnley</a>",2,0.28,0,0.7
0,0,0.07,"FW,MF",0.8,0.8,0.00,0.35,2.3,1999,0.00,0.00,3,0.35,0,3,0,0.00,0,26-098,7,0.42,210,0,Matheus Cunha,1.0,8,0.00,0,"<a href=""/en/squads/19538871/Manchester-United-Stats"">Manchester Utd</a>",8,0.42,0,0.2
0,0,0.37,DF,0.0,0.0,0.49,0.01,2.0,1999,0.00,0.00,2,0.01,0,3,1,0.49,0,26-168,19,0.38,183,0,Diogo Dalot,0.8,6,0.49,1,"<a href=""/en/squads/19538871/Manchester-United-Stats"">Manchester Utd</a>",10,0.38,0,0.8
0,0,0.21,MF,0.1,0.1,0.00,0.03,2.0,2000,0.00,0.00,2,0.03,0,2,0,0.00,0,25-061,6,0.24,180,0,Mikkel Damsgaard,0.5,8,0.00,0,"<a href=""/en/squads/cd051869/Brentford-Stats"">Brentford</a>",6,0.24,0,0.4
0,0,0.00,DF,0.0,0.0,0.00,0.00,0.0,1998,0.00,0.00,0,0.00,0,1,0,0.00,0,26-348,0,0.00,1,0,Kevin Danso,0.0,0,0.00,0,"<a href=""/en/squads/361ca564/Tottenham-Hotspur-Stats"">Tottenham</a>",0,0.00,0,0.0
0,0,0.02,DF,0.0,0.0,0.00,0.00,2.7,2000,0.00,0.00,3,0.00,1,3,0,0.00,0,24-254,7,0.02,246,0,Maxim De Cuyper,0.1,10,0.00,0,"<a href=""/en/squads/d07537b9/Brighton-and-Hove-Albion-Stats"">Brighton</a>",1,0.02,0,0.1
0,0,0.00,FW,0.2,0.2,0.00,0.22,1.0,2003,0.00,0.00,2,0.22,0,3,0,0.00,0,22-206,4,0.22,92,0,Liam Delap,0.2,3,0.00,0,"<a href=""/en/squads/cff3d9bb/Chelsea-Stats"">Chelsea</a>",2,0.22,0,0.0
0,0,0.00,DF,0.2,0.2,0.00,0.07,3.0,2001,0.00,0.00,3,0.07,0,3,0,0.00,0,23-256,3,0.07,270,0,Sepp van den Berg,0.2,10,0.00,0,"<a href=""/en/squads/cd051869/Brentford-Stats"">Brentford</a>",2,0.07,0,0.0
0,0,0.00,"FW,MF",0.0,0.0,0.00,0.05,0.9,2003,0.00,0.00,1,0.05,0,3,0,0.00,0,21-326,6,0.05,78,0,Justin Devenny,0.0,1,0.00,0,"<a href=""/en/squads/47c64c55/Crystal-Palace-Stats"">Crystal Palace</a>",4,0.05,0,0.0
1,1,0.47,MF,0.1,0.1,0.67,0.02,3.0,1998,0.33,0.33,3,0.02,2,3,2,0.67,0,26-361,8,0.48,270,0,Kiernan Dewsbury-Hall,1.5,16,0.33,1,"<a href=""/en/squads/d3fd31cc/Everton-Stats"">Everton</a>",5,0.48,0,1.4
0,0,0.01,DF,0.0,0.0,0.00,0.00,3.0,2001,0.00,0.00,3,0.00,0,3,0,0.00,0,24-239,1,0.01,270,0,Bafodé Diakité,0.0,4,0.00,0,"<a href=""/en/squads/4ba7cbea/Bournemouth-Stats"">Bournemouth</a>",0,0.01,0,0.0
0,0,0.06,DF,0.8,0.8,0.00,0.41,2.0,2002,0.00,0.00,2,0.41,0,3,0,0.00,0,23-053,15,0.46,177,0,Amad Diallo,0.9,9,0.00,0,"<a href=""/en/squads/19538871/Manchester-United-Stats"">Manchester Utd</a>",14,0.46,0,0.1
0,0,0.01,MF,0.6,0.6,0.00,0.20,2.8,2004,0.00,0.00,3,0.20,1,3,0,0.00,0,21-242,10,0.21,255,0,Habib Diarra,0.6,10,0.00,0,"<a href=""/en/squads/8ef52968/Sunderland-Stats"">Sunderland</a>",9,0.21,0,0.0
0,0,0.00,DF,0.0,0.0,0.00,0.00,2.1,1997,0.00,0.00,2,0.00,0,3,0,0.00,0,28-111,0,0.00,186,0,Rúben Dias,0.0,8,0.00,0,"<a href=""/en/squads/b8fd03ef/Manchester-City-Stats"">Manchester City</a>",3,0.00,0,0.0
0,0,0.00,DF,0.0,0.0,0.00,0.00,1.8,1993,0.00,0.00,2,0.00,0,3,0,0.00,0,32-044,16,0.00,161,0,Lucas Digne,0.0,4,0.00,0,"<a href=""/en/squads/8602292d/Aston-Villa-Stats"">Aston Villa</a>",1,0.00,0,0.0
0,0,0.00,DF,0.0,0.0,0.00,0.00,2.0,1992,0.00,0.00,2,0.00,2,2,0,0.00,0,33-229,0,0.00,180,0,Matt Doherty,0.0,5,0.00,0,"<a href=""/en/squads/8cec06e1/Wolverhampton-Wanderers-Stats"">Wolves</a>",0,0.00,0,0.0
0,0,0.15,"FW,MF",0.0,0.0,0.00,0.00,1.3,2002,0.00,0.00,1,0.00,0,3,0,0.00,0,23-098,17,0.15,121,0,Jeremy Doku,0.2,1,0.00,0,"<a href=""/en/squads/b8fd03ef/Manchester-City-Stats"">Manchester City</a>",11,0.15,0,0.2
0,0,0.00,DF,0.0,0.0,0.00,0.02,2.0,2004,0.00,0.00,2,0.02,1,2,0,0.00,0,20-311,13,0.02,180,0,Patrick Dorgu,0.0,5,0.00,0,"<a href=""/en/squads/19538871/Manchester-United-Stats"">Manchester Utd</a>",8,0.02,0,0.0
0,0,0.00,FW,0.1,0.1,0.00,0.43,0.3,2009,0.00,0.00,0,0.43,0,2,0,0.00,0,15-245,6,0.43,29,0,Max Dowman,0.1,0,0.00,0,"<a href=""/en/squads/18bb7c10/Arsenal-Stats"">Arsenal</a>",4,0.43,0,0.0
0,0,0.00,GK,0.0,0.0,0.00,0.00,3.0,1989,0.00,0.00,3,0.00,0,3,0,0.00,0,36-230,0,0.00,270,0,Martin Dúbravka,0.0,0,0.00,0,"<a href=""/en/squads/943e8050/Burnley-Stats"">Burnley</a>",0,0.00,0,0.0
0,0,0.00,DF,0.2,0.2,0.00,0.06,3.0,1991,0.00,0.00,3,0.06,0,3,0,0.00,0,33-285,0,0.06,270,0,Lewis Dunk,0.2,7,0.00,0,"<a href=""/en/squads/d07537b9/Brighton-and-Hove-Albion-Stats"">Brighton</a>",0,0.06,0,0.0
0,0,0.00,FW,0.0,0.0,0.00,0.00,0.0,1998,0.00,0.00,0,0.00,0,1,0,0.00,0,27-229,0,0.00,3,0,Odsonne Édouard,0.0,0,0.00,0,"<a href=""/en/squads/47c64c55/Crystal-Palace-Stats"">Crystal Palace</a>",0,0.00,0,0.0
0,0,0.00,FW,0.0,0.0,0.00,0.00,0.1,1998,0.00,0.00,0,0.00,0,1,0,0.00,0,26-273,0,0.00,6,0,Marcus Edwards,0.0,0,0.00,0,"<a href=""/en/squads/943e8050/Burnley-Stats"">Burnley</a>",0,0.00,0,0.0
0,0,0.01,DF,0.0,0.0,0.00,0.00,2.9,1998,0.00,0.00,3,0.00,0,3,0,0.00,0,26-316,0,0.01,262,0,Hjalmar Ekdal,0.0,5,0.00,0,"<a href=""/en/squads/943e8050/Burnley-Stats"">Burnley</a>",1,0.01,0,0.0
2,2,0.10,FW,1.3,1.3,1.18,0.53,2.5,2002,0.79,0.79,3,0.53,0,3,3,1.18,0,23-074,12,0.63,228,0,Hugo Ekitike,1.6,6,0.39,1,"<a href=""/en/squads/822bd0ba/Liverpool-Stats"">Liverpool</a>",4,0.63,0,0.3
0,0,0.14,FW,0.6,0.6,0.00,0.26,2.2,2002,0.00,0.00,2,0.26,0,3,0,0.00,0,23-128,21,0.40,196,0,Anthony Elanga,0.9,2,0.00,0,"<a href=""/en/squads/b2b47a98/Newcastle-United-Stats"">Newcastle Utd</a>",9,0.40,0,0.3
0,0,0.00,"MF,FW",0.0,0.0,0.00,0.00,0.0,2003,0.00,0.00,0,0.00,0,1,0,0.00,0,22-151,1,0.00,1,0,Harvey Elliott,0.0,0,0.00,0,"<a href=""/en/squads/822bd0ba/Liverpool-Stats"">Liverpool</a>",0,0.00,0,0.0
0,0,0.29,"MF,DF",0.0,0.0,2.65,0.00,0.4,1993,0.00,0.00,0,0.00,1,3,1,2.65,0,32-205,0,0.29,34,0,Wataru Endo,0.1,1,2.65,1,"<a href=""/en/squads/822bd0ba/Liverpool-Stats"">Liverpool</a>",1,0.29,0,0.1
0,0,0.00,FW,0.0,0.0,0.00,0.00,0.3,2005,0.00,0.00,0,0.00,0,1,0,0.00,0,20-112,3,0.00,25,0,Romain Esse,0.0,2,0.00,0,"<a href=""/en/squads/47c64c55/Crystal-Palace-Stats"">Crystal Palace</a>",0,0.00,0,0.0
0,0,0.00,DF,0.0,0.0,0.00,0.02,2.9,2002,0.00,0.00,3,0.02,0,3,0,0.00,0,23-099,0,0.02,262,0,Maxime Estève,0.0,11,0.00,0,"<a href=""/en/squads/943e8050/Burnley-Stats"">Burnley</a>",1,0.02,0,0.0
1,1,0.18,FW,0.8,0.8,0.35,0.27,2.9,1999,0.35,0.35,3,0.27,1,3,1,0.35,0,25-331,10,0.46,257,0,Evanilson,1.3,5,0.00,0,"<a href=""/en/squads/4ba7cbea/Bournemouth-Stats"">Bournemouth</a>",2,0.46,0,0.5
0,0,0.00,FW,0.0,0.0,0.00,0.00,0.2,1998,0.00,0.00,0,0.00,0,1,0,0.00,0,27-065,3,0.00,21,0,Eberechi Eze,0.0,0,0.00,0,"<a href=""/en/squads/18bb7c10/Arsenal-Stats"">Arsenal</a>",1,0.00,0,0.0
0,0,0.00,MF,0.2,0.2,0.00,0.26,0.9,1998,0.00,0.00,1,0.26,0,1,0,0.00,0,27-065,2,0.26,83,0,Eberechi Eze,0.2,1,0.00,0,"<a href=""/en/squads/47c64c55/Crystal-Palace-Stats"">Crystal Palace</a>",0,0.26,0,0.0
0,1,0.23,MF,0.3,1.9,0.33,0.63,3.0,1994,0.33,0.00,3,0.11,1,3,1,0.00,1,30-359,5,0.34,270,2,Bruno Fernandes,1.0,22,0.00,0,"<a href=""/en/squads/19538871/Manchester-United-Stats"">Manchester Utd</a>",6,0.86,0,0.7
0,0,0.19,FW,0.0,0.0,0.00,0.00,0.9,2004,0.00,0.00,1,0.00,0,1,0,0.00,0,21-054,2,0.19,81,0,Mateus Fernandes,0.2,3,0.00,0,"<a href=""/en/squads/7c21e445/West-Ham-United-Stats"">West Ham</a>",1,0.19,0,0.2
1,2,0.23,MF,1.0,1.8,1.05,0.63,2.9,2001,0.70,0.35,3,0.36,0,3,3,0.70,1,24-228,13,0.59,258,1,Enzo Fernández,1.7,11,0.35,1,"<a href=""/en/squads/cff3d9bb/Chelsea-Stats"">Chelsea</a>",3,0.86,0,0.7
0,0,0.32,FW,0.0,0.0,0.00,0.00,0.2,1998,0.00,0.00,0,0.00,0,2,0,0.00,0,27-032,2,0.32,22,0,Zian Flemming,0.1,0,0.00,0,"<a href=""/en/squads/943e8050/Burnley-Stats"">Burnley</a>",1,0.32,0,0.1
0,0,0.26,MF,0.2,0.2,0.00,1.02,0.2,2000,0.00,0.00,0,1.02,0,1,0,0.00,0,25-097,1,1.29,16,0,Phil Foden,0.2,3,0.00,0,"<a href=""/en/squads/b8fd03ef/Manchester-City-Stats"">Manchester City</a>",2,1.29,0,0.0
0,0,0.00,DF,0.0,0.0,0.00,0.00,0.2,2000,0.00,0.00,0,0.00,0,1,0,0.00,0,24-259,0,0.00,22,0,Wesley Fofana,0.0,0,0.00,0,"<a href=""/en/squads/cff3d9bb/Chelsea-Stats"">Chelsea</a>",0,0.00,0,0.0
1,1,0.14,FW,0.7,0.7,0.36,0.26,2.8,2000,0.36,0.36,3,0.26,1,3,1,0.36,0,24-364,18,0.40,248,0,Lyle Foster,1.1,3,0.00,0,"<a href=""/en/squads/943e8050/Burnley-Stats"">Burnley</a>",3,0.40,0,0.4
0,0,0.00,DF,0.0,0.0,0.00,0.01,0.7,2000,0.00,0.00,1,0.01,0,1,0,0.00,0,24-266,2,0.01,59,0,Jeremie Frimpong,0.0,0,0.00,0,"<a href=""/en/squads/822bd0ba/Liverpool-Stats"">Liverpool</a>",0,0.01,0,0.0
0,0,0.08,FW,0.3,0.3,0.00,0.13,2.2,1993,0.00,0.00,3,0.13,0,3,0,0.00,0,32-205,6,0.21,198,0,Niclas Füllkrug,0.5,2,0.00,0,"<a href=""/en/squads/7c21e445/West-Ham-United-Stats"">West Ham</a>",0,0.21,0,0.2
1,1,0.28,FW,0.3,0.3,1.00,0.10,3.0,1999,0.33,0.33,3,0.10,0,3,3,1.00,0,26-118,18,0.38,269,0,Cody Gakpo,1.2,6,0.67,2,"<a href=""/en/squads/822bd0ba/Liverpool-Stats"">Liverpool</a>",10,0.38,0,0.8
0,0,0.05,MF,0.3,0.3,0.00,0.12,2.8,1989,0.00,0.00,3,0.12,0,3,0,0.00,0,35-341,5,0.17,255,0,Idrissa Gana Gueye,0.5,11,0.00,0,"<a href=""/en/squads/d3fd31cc/Everton-Stats"">Everton</a>",2,0.17,0,0.1
1,1,0.06,"DF,MF",0.1,0.1,0.33,0.03,3.0,2001,0.33,0.33,3,0.03,1,3,1,0.33,0,24-173,5,0.09,270,0,James Garner,0.3,11,0.00,0,"<a href=""/en/squads/d3fd31cc/Everton-Stats"">Everton</a>",1,0.09,0,0.2
0,0,0.00,FW,0.2,0.2,0.00,0.28,0.7,2006,0.00,0.00,0,0.28,0,1,0,0.00,0,19-210,4,0.28,67,0,Tyrique George,0.2,1,0.00,0,"<a href=""/en/squads/cff3d9bb/Chelsea-Stats"">Chelsea</a>",0,0.28,0,0.0
0,0,0.10,MF,0.6,0.6,0.35,0.23,2.8,2000,0.00,0.00,3,0.23,0,3,1,0.35,0,25-218,31,0.33,254,0,Morgan Gibbs-White,0.9,25,0.35,1,"<a href=""/en/squads/e4a775cb/Nottingham-Forest-Stats"">Nott'ham Forest</a>",7,0.33,0,0.3
0,0,0.08,FW,0.1,0.1,0.00,0.09,1.0,2004,0.00,0.00,1,0.09,0,3,0,0.00,0,21-025,8,0.18,90,0,Jamie Gittens,0.2,1,0.00,0,"<a href=""/en/squads/cff3d9bb/Chelsea-Stats"">Chelsea</a>",2,0.18,0,0.1
0,0,0.04,FW,0.2,0.2,0.00,0.08,2.1,2003,0.00,0.00,3,0.08,1,3,0,0.00,0,21-301,14,0.12,190,0,Wilfried Gnonto,0.3,4,0.00,0,"<a href=""/en/squads/5bfb9659/Leeds-United-Stats"">Leeds United</a>",4,0.12,0,0.1
0,0,0.02,MF,0.0,0.0,0.00,0.00,3.0,2001,0.00,0.00,3,0.00,1,3,0,0.00,0,24-202,4,0.02,270,0,João Gomes,0.1,15,0.00,0,"<a href=""/en/squads/8cec06e1/Wolverhampton-Wanderers-Stats"">Wolves</a>",1,0.02,0,0.0
1,1,0.00,MF,0.4,0.4,2.00,0.73,0.5,2003,2.00,2.00,0,0.73,0,2,1,2.00,0,22-057,9,0.73,45,0,Rodrigo Gomes,0.4,0,0.00,0,"<a href=""/en/squads/8cec06e1/Wolverhampton-Wanderers-Stats"">Wolves</a>",0,0.73,0,0.0
0,0,0.01,DF,0.0,0.0,0.00,0.01,2.5,1999,0.00,0.00,3,0.01,1,3,0,0.00,0,26-229,1,0.02,228,0,Toti Gomes,0.1,3,0.00,0,"<a href=""/en/squads/8cec06e1/Wolverhampton-Wanderers-Stats"">Wolves</a>",3,0.02,1,0.0
0,0,0.26,MF,0.0,0.0,0.00,0.02,1.2,2003,0.00,0.00,1,0.02,1,3,0,0.00,0,22-159,1,0.29,106,0,Diego Gómez,0.3,4,0.00,0,"<a href=""/en/squads/d07537b9/Brighton-and-Hove-Albion-Stats"">Brighton</a>",0,0.29,0,0.3
0,0,0.00,DF,0.0,0.0,0.00,0.00,0.3,1997,0.00,0.00,0,0.00,0,2,0,0.00,0,28-102,0,0.00,31,0,Joe Gomez,0.0,1,0.00,0,"<a href=""/en/squads/822bd0ba/Liverpool-Stats"">Liverpool</a>",0,0.00,0,0.0
0,0,0.00,MF,0.1,0.1,0.00,0.03,1.8,2002,0.00,0.00,2,0.03,1,2,0,0.00,0,23-242,4,0.03,164,0,Nicolás González,0.1,16,0.00,0,"<a href=""/en/squads/b8fd03ef/Manchester-City-Stats"">Manchester City</a>",3,0.03,0,0.0
0,0,0.06,FW,1.1,1.1,0.00,0.72,1.5,2001,0.00,0.00,2,0.72,0,2,0,0.00,0,24-190,5,0.78,134,0,Anthony Gordon,1.2,3,0.00,0,"<a href=""/en/squads/b2b47a98/Newcastle-United-Stats"">Newcastle Utd</a>",4,0.78,1,0.1
1,1,0.02,MF,0.0,0.0,0.50,0.02,2.0,2002,0.50,0.50,2,0.02,2,2,1,0.50,0,23-109,2,0.04,180,0,Ryan Gravenberch,0.1,6,0.00,0,"<a href=""/en/squads/822bd0ba/Liverpool-Stats"">Liverpool</a>",1,0.04,0,0.0
0,0,0.00,MF,0.0,0.0,0.00,0.00,0.8,2006,0.00,0.00,1,0.00,0,1,0,0.00,0,19-174,0,0.00,70,0,Archie Gray,0.0,6,0.00,0,"<a href=""/en/squads/361ca564/Tottenham-Hotspur-Stats"">Tottenham</a>",2,0.00,0,0.0
0,0,0.72,FW,0.3,0.3,1.84,0.15,2.2,1995,0.00,0.00,2,0.15,0,3,4,1.84,0,29-357,15,0.87,196,0,Jack Grealish,1.9,11,1.84,4,"<a href=""/en/squads/d3fd31cc/Everton-Stats"">Everton</a>",11,0.87,0,1.6
1,1,0.26,"MF,FW",1.2,1.2,2.05,2.36,0.5,2004,2.05,2.05,0,2.36,0,3,1,2.05,0,21-094,5,2.62,44,0,Brajan Gruda,1.3,0,0.00,0,"<a href=""/en/squads/d07537b9/Brighton-and-Hove-Albion-Stats"">Brighton</a>",3,2.62,0,0.1
0,0,0.00,MF,0.0,0.0,0.00,0.00,2.1,2000,0.00,0.00,2,0.00,0,3,0,0.00,0,25-119,0,0.00,193,0,Ilia Gruev,0.0,6,0.00,0,"<a href=""/en/squads/5bfb9659/Leeds-United-Stats"">Leeds United</a>",0,0.00,0,0.0
0,0,0.11,DF,0.2,0.2,0.00,0.06,2.9,1999,0.00,0.00,3,0.06,1,3,0,0.00,0,26-126,11,0.17,259,0,Gabriel Gudmundsson,0.5,8,0.00,0,"<a href=""/en/squads/5bfb9659/Leeds-United-Stats"">Leeds United</a>",7,0.17,0,0.3
1,1,0.00,DF,0.2,0.2,0.33,0.05,3.0,2000,0.33,0.33,3,0.05,0,3,1,0.33,0,25-051,1,0.06,270,0,Marc Guéhi,0.2,9,0.00,0,"<a href=""/en/squads/47c64c55/Crystal-Palace-Stats"">Crystal Palace</a>",1,0.06,0,0.0
0,0,0.00,"FW,MF",0.1,0.1,0.00,0.10,0.7,2001,0.00,0.00,1,0.10,0,2,0,0.00,0,24-063,5,0.10,61,0,Evann Guessand,0.1,2,0.00,0,"<a href=""/en/squads/8602292d/Aston-Villa-Stats"">Aston Villa</a>",2,0.10,0,0.0
1,1,0.01,MF,0.2,0.2,0.33,0.06,3.0,1997,0.33,0.33,3,0.06,1,3,1,0.33,0,27-290,7,0.06,270,0,Bruno Guimarães,0.2,22,0.00,0,"<a href=""/en/squads/b2b47a98/Newcastle-United-Stats"">Newcastle Utd</a>",3,0.06,0,0.0
0,0,0.00,FW,0.0,0.0,0.00,0.14,0.2,2006,0.00,0.00,0,0.14,0,2,0,0.00,0,19-241,1,0.14,15,0,Marc Guiu,0.0,1,0.00,0,"<a href=""/en/squads/8ef52968/Sunderland-Stats"">Sunderland</a>",0,0.14,0,0.0
0,0,0.01,DF,0.0,0.0,0.00,0.01,1.9,2003,0.00,0.00,2,0.01,0,3,0,0.00,0,22-106,7,0.02,170,0,Malo Gusto,0.0,12,0.00,0,"<a href=""/en/squads/cff3d9bb/Chelsea-Stats"">Chelsea</a>",2,0.02,0,0.0
1,2,0.05,FW,0.5,1.3,0.75,0.48,2.7,1998,0.75,0.38,3,0.19,1,3,2,0.38,1,27-090,16,0.23,239,1,Viktor Gyökeres,0.6,0,0.00,0,"<a href=""/en/squads/18bb7c10/Arsenal-Stats"">Arsenal</a>",1,0.53,0,0.1
3,3,0.22,FW,3.9,3.9,1.07,1.38,2.8,2000,1.07,1.07,3,1.38,0,3,3,1.07,0,25-043,7,1.59,252,0,Erling Haaland,4.5,2,0.00,0,"<a href=""/en/squads/b8fd03ef/Manchester-City-Stats"">Manchester City</a>",2,1.59,0,0.6
0,0,0.18,DF,0.2,0.2,0.67,0.05,3.0,2004,0.00,0.00,3,0.05,0,3,2,0.67,0,20-248,17,0.23,270,0,El Hadji Diouf,0.7,6,0.67,2,"<a href=""/en/squads/7c21e445/West-Ham-United-Stats"">West Ham</a>",4,0.23,0,0.5
0,0,0.00,DF,0.0,0.0,0.00,0.07,0.5,2004,0.00,0.00,0,0.07,0,2,0,0.00,0,20-359,2,0.07,45,0,Lewis Hall,0.0,4,0.00,0,"<a href=""/en/squads/b2b47a98/Newcastle-United-Stats"">Newcastle Utd</a>",0,0.07,0,0.0
0,0,0.00,FW,0.0,0.0,0.00,0.00,0.5,1996,0.00,0.00,0,0.00,0,2,0,0.00,0,28-286,7,0.00,44,0,Jack Harrison,0.0,2,0.00,0,"<a href=""/en/squads/5bfb9659/Leeds-United-Stats"">Leeds United</a>",4,0.00,0,0.0
0,0,0.01,DF,0.1,0.1,0.00,0.03,3.0,2001,0.00,0.00,3,0.03,0,3,0,0.00,0,23-292,8,0.04,270,0,Quilindschy Hartman,0.1,7,0.00,0,"<a href=""/en/squads/943e8050/Burnley-Stats"">Burnley</a>",1,0.04,0,0.0
0,0,0.00,DF,0.0,0.0,0.00,0.00,0.2,2006,0.00,0.00,0,0.00,1,1,0,0.00,0,19-179,0,0.00,22,0,Jorrel Hato,0.0,2,0.00,0,"<a href=""/en/squads/cff3d9bb/Chelsea-Stats"">Chelsea</a>",0,0.00,0,0.0
0,0,0.00,FW,0.0,0.0,0.00,0.00,0.3,1999,0.00,0.00,0,0.00,0,1,0,0.00,0,26-083,2,0.00,31,0,Kai Havertz,0.0,2,0.00,0,"<a href=""/en/squads/18bb7c10/Arsenal-Stats"">Arsenal</a>",1,0.00,0,0.0
0,0,0.00,DF,0.0,0.0,0.00,0.00,0.0,2006,0.00,0.00,0,0.00,0,1,0,0.00,0,18-345,0,0.00,4,0,Ayden Heaven,0.0,0,0.00,0,"<a href=""/en/squads/19538871/Manchester-United-Stats"">Manchester Utd</a>",0,0.00,0,0.0
0,0,0.00,DF,0.3,0.3,0.00,0.10,3.0,2000,0.00,0.00,3,0.10,1,3,0,0.00,0,25-086,0,0.10,270,0,Jan Paul van Hecke,0.3,14,0.00,0,"<a href=""/en/squads/d07537b9/Brighton-and-Hove-Albion-Stats"">Brighton</a>",3,0.10,0,0.0
1,1,0.03,FW,0.4,0.4,0.93,0.39,1.1,1996,0.93,0.93,1,0.39,0,3,1,0.93,0,29-219,3,0.42,97,0,Hwang Hee-chan,0.5,0,0.00,0,"<a href=""/en/squads/8cec06e1/Wolverhampton-Wanderers-Stats"">Wolves</a>",1,0.42,0,0.0
0,0,0.00,GK,0.0,0.0,0.00,0.00,3.0,1997,0.00,0.00,3,0.00,0,3,0,0.00,0,28-174,0,0.00,270,0,Dean Henderson,0.0,0,0.00,0,"<a href=""/en/squads/47c64c55/Crystal-Palace-Stats"">Crystal Palace</a>",0,0.00,0,0.0
0,0,0.00,MF,0.0,0.0,0.00,0.02,1.8,1990,0.00,0.00,2,0.02,0,3,0,0.00,0,35-077,0,0.02,160,0,Jordan Henderson,0.0,6,0.00,0,"<a href=""/en/squads/cd051869/Brentford-Stats"">Brentford</a>",2,0.02,0,0.0
0,0,0.10,DF,0.0,0.0,0.00,0.02,1.3,1997,0.00,0.00,1,0.02,1,3,0,0.00,0,28-056,10,0.13,113,0,Rico Henry,0.2,1,0.00,0,"<a href=""/en/squads/cd051869/Brentford-Stats"">Brentford</a>",7,0.13,0,0.1
0,0,0.00,GK,0.0,0.0,0.00,0.00,3.0,2000,0.00,0.00,3,0.00,0,3,0,0.00,0,25-053,0,0.00,270,0,Mads Hermansen,0.0,0,0.00,0,"<a href=""/en/squads/7c21e445/West-Ham-United-Stats"">West Ham</a>",0,0.00,0,0.0
0,0,0.00,"DF,FW",0.0,0.0,0.00,0.00,0.2,2002,0.00,0.00,0,0.00,1,2,0,0.00,0,23-084,0,0.00,15,0,Aaron Hickey,0.0,0,0.00,0,"<a href=""/en/squads/cd051869/Brentford-Stats"">Brentford</a>",0,0.00,0,0.0
0,0,0.00,DF,0.0,0.0,0.00,0.00,0.8,2002,0.00,0.00,0,0.00,1,3,0,0.00,0,23-235,1,0.00,69,0,James Hill,0.0,5,0.00,0,"<a href=""/en/squads/4ba7cbea/Bournemouth-Stats"">Bournemouth</a>",0,0.00,0,0.0
0,0,0.00,MF,0.0,0.0,0.00,0.00,1.2,2005,0.00,0.00,1,0.00,0,2,0,0.00,0,20-144,1,0.00,105,0,Jack Hinshelwood,0.0,2,0.00,0,"<a href=""/en/squads/d07537b9/Brighton-and-Hove-Albion-Stats"">Brighton</a>",2,0.00,0,0.0
0,0,0.21,MF,0.0,0.0,0.00,0.00,1.2,2002,0.00,0.00,2,0.00,0,2,0,0.00,0,23-227,9,0.21,106,0,Ki-Jana Hoever,0.2,2,0.00,0,"<a href=""/en/squads/8cec06e1/Wolverhampton-Wanderers-Stats"">Wolves</a>",1,0.21,0,0.2
1,1,0.20,FW,0.4,0.4,0.36,0.14,2.8,2000,0.36,0.36,3,0.14,0,3,1,0.36,0,24-299,34,0.34,249,0,Callum Hudson-Odoi,0.9,7,0.00,0,"<a href=""/en/squads/e4a775cb/Nottingham-Forest-Stats"">Nott'ham Forest</a>",13,0.34,0,0.6
0,0,0.11,MF,0.1,0.1,0.00,0.05,2.5,1995,0.00,0.00,3,0.05,3,3,0,0.00,0,30-138,2,0.15,229,0,Will Hughes,0.4,14,0.00,0,"<a href=""/en/squads/47c64c55/Crystal-Palace-Stats"">Crystal Palace</a>",0,0.15,0,0.3
0,0,0.03,DF,0.1,0.1,0.00,0.02,3.0,2002,0.00,0.00,3,0.02,0,3,0,0.00,0,23-168,13,0.06,270,0,Trai Hume,0.2,12,0.00,0,"<a href=""/en/squads/8ef52968/Sunderland-Stats"">Sunderland</a>",3,0.06,0,0.1
0,0,0.00,"FW,MF",0.2,0.2,0.00,1.65,0.1,2003,0.00,0.00,0,1.65,0,2,0,0.00,0,21-307,5,1.65,11,0,Omari Hutchinson,0.2,0,0.00,0,"<a href=""/en/squads/e4a775cb/Nottingham-Forest-Stats"">Nott'ham Forest</a>",1,1.65,0,0.0
0,0,0.00,MF,0.1,0.1,0.00,0.06,1.7,2003,0.00,0.00,2,0.06,2,3,0,0.00,0,22-064,1,0.06,155,0,Tim Iroegbunam,0.1,2,0.00,0,"<a href=""/en/squads/d3fd31cc/Everton-Stats"">Everton</a>",1,0.06,0,0.0
0,0,0.17,MF,0.0,0.0,0.00,0.00,0.3,2000,0.00,0.00,0,0.00,0,2,0,0.00,0,25-112,0,0.17,25,0,Andy Irving,0.0,4,0.00,0,"<a href=""/en/squads/7c21e445/West-Ham-United-Stats"">West Ham</a>",0,0.17,0,0.0
2,2,0.00,FW,0.3,0.3,2.61,0.37,0.8,2000,2.61,2.61,0,0.37,0,3,2,2.61,0,25-006,4,0.37,69,0,Wilson Isidor,0.3,2,0.00,0,"<a href=""/en/squads/8ef52968/Sunderland-Stats"">Sunderland</a>",1,0.37,0,0.0
0,0,0.40,FW,0.1,0.1,0.38,0.04,2.6,1996,0.00,0.00,3,0.04,1,3,1,0.38,0,29-122,16,0.44,238,0,Alex Iwobi,1.2,21,0.38,1,"<a href=""/en/squads/fd962109/Fulham-Stats"">Fulham</a>",19,0.44,0,1.0
0,0,0.12,FW,0.4,0.4,0.00,0.19,2.2,1997,0.00,0.00,3,0.19,0,3,0,0.00,0,27-296,15,0.32,201,0,Daniel James,0.7,5,0.00,0,"<a href=""/en/squads/5bfb9659/Leeds-United-Stats"">Leeds United</a>",7,0.32,0,0.3
0,0,0.42,DF,0.0,0.0,0.00,0.03,1.2,1999,0.00,0.00,1,0.03,1,3,0,0.00,0,25-268,1,0.45,110,0,Reece James,0.5,10,0.00,0,"<a href=""/en/squads/cff3d9bb/Chelsea-Stats"">Chelsea</a>",3,0.45,0,0.5
0,0,0.15,MF,0.1,0.1,0.00,0.15,0.9,1996,0.00,0.00,1,0.15,0,2,0,0.00,0,29-244,0,0.29,80,0,Mathias Jensen,0.3,5,0.00,0,"<a href=""/en/squads/cd051869/Brentford-Stats"">Brentford</a>",0,0.29,0,0.1
0,0,0.00,FW,0.1,0.1,0.00,0.19,0.4,2001,0.00,0.00,0,0.19,0,3,0,0.00,0,24-189,1,0.19,33,0,Igor Jesus,0.1,0,0.00,0,"<a href=""/en/squads/e4a775cb/Nottingham-Forest-Stats"">Nott'ham Forest</a>",0,0.19,0,0.0
0,0,0.00,FW,0.4,0.4,0.00,0.31,1.3,1991,0.00,0.00,1,0.31,0,3,0,0.00,0,34-120,5,0.31,117,0,Raúl Jiménez,0.4,2,0.00,0,"<a href=""/en/squads/fd962109/Fulham-Stats"">Fulham</a>",0,0.31,0,0.0
2,2,0.37,"MF,FW",1.4,1.4,1.43,0.48,2.8,2001,0.71,0.71,3,0.48,0,3,4,1.43,0,23-341,18,0.85,252,0,João Pedro,2.4,7,0.71,2,"<a href=""/en/squads/cff3d9bb/Chelsea-Stats"">Chelsea</a>",6,0.85,0,1.0
0,0,0.00,MF,0.0,0.0,0.00,0.03,1.7,1996,0.00,0.00,2,0.03,1,2,0,0.00,0,29-019,5,0.03,157,0,Joelinton,0.0,7,0.00,0,"<a href=""/en/squads/b2b47a98/Newcastle-United-Stats"">Newcastle Utd</a>",4,0.03,0,0.0
2,2,0.07,FW,0.9,0.9,0.86,0.39,2.3,2001,0.86,0.86,3,0.39,1,3,2,0.86,0,24-102,15,0.46,209,0,Brennan Johnson,1.1,5,0.00,0,"<a href=""/en/squads/361ca564/Tottenham-Hotspur-Stats"">Tottenham</a>",6,0.46,0,0.2
0,0,0.06,MF,0.0,0.0,0.00,0.00,1.5,2001,0.00,0.00,1,0.00,0,3,0,0.00,0,24-215,4,0.06,138,0,Curtis Jones,0.1,15,0.00,0,"<a href=""/en/squads/822bd0ba/Liverpool-Stats"">Liverpool</a>",3,0.06,0,0.1
0,0,0.00,"FW,MF",0.0,0.0,0.00,0.00,0.2,2006,0.00,0.00,0,0.00,0,3,0,0.00,0,19-071,0,0.00,14,0,Eli Junior Kroupi,0.0,0,0.00,0,"<a href=""/en/squads/4ba7cbea/Bournemouth-Stats"">Bournemouth</a>",1,0.00,0,0.0
0,0,1.10,MF,0.0,0.0,5.29,0.00,0.2,2000,0.00,0.00,0,0.00,0,1,1,5.29,0,25-198,0,1.10,17,0,Hamed Junior Traorè,0.2,0,5.29,1,"<a href=""/en/squads/4ba7cbea/Bournemouth-Stats"">Bournemouth</a>",0,1.10,0,0.2
0,0,0.00,DF,0.0,0.0,0.00,0.00,0.1,1998,0.00,0.00,0,0.00,0,1,0,0.00,0,27-191,0,0.00,11,0,James Justin,0.0,0,0.00,0,"<a href=""/en/squads/5bfb9659/Leeds-United-Stats"">Leeds United</a>",0,0.00,0,0.0
0,0,0.00,"DF,FW",0.0,0.0,0.00,0.00,0.5,1999,0.00,0.00,0,0.00,2,2,0,0.00,0,25-330,2,0.00,46,0,Ferdi Kadioglu,0.0,1,0.00,0,"<a href=""/en/squads/d07537b9/Brighton-and-Hove-Albion-Stats"">Brighton</a>",0,0.00,0,0.0
0,0,0.00,FW,0.0,0.0,0.00,0.00,0.2,1997,0.00,0.00,0,0.00,0,1,0,0.00,0,28-057,2,0.00,15,0,Sasa Kalajdzic,0.0,0,0.00,0,"<a href=""/en/squads/8cec06e1/Wolverhampton-Wanderers-Stats"">Wolves</a>",0,0.00,0,0.0
0,0,0.00,FW,0.0,0.0,0.00,0.00,0.2,2002,0.00,0.00,0,0.00,0,2,0,0.00,0,23-225,2,0.00,22,0,Arnaud Kalimuendo,0.0,0,0.00,0,"<a href=""/en/squads/e4a775cb/Nottingham-Forest-Stats"">Nott'ham Forest</a>",1,0.00,0,0.0
0,0,0.00,MF,0.0,0.0,0.00,0.00,0.9,1996,0.00,0.00,1,0.00,0,1,0,0.00,0,29-028,3,0.00,85,0,Daichi Kamada,0.0,5,0.00,0,"<a href=""/en/squads/47c64c55/Crystal-Palace-Stats"">Crystal Palace</a>",1,0.00,0,0.0
0,0,0.00,"MF,DF",0.1,0.1,0.00,0.05,1.2,1999,0.00,0.00,2,0.05,1,2,0,0.00,0,25-283,0,0.05,105,0,Boubacar Kamara,0.1,14,0.00,0,"<a href=""/en/squads/8602292d/Aston-Villa-Stats"">Aston Villa</a>",1,0.05,0,0.0
0,0,0.07,DF,0.0,0.0,0.00,0.00,2.9,2004,0.00,0.00,3,0.00,0,3,0,0.00,0,21-054,9,0.07,264,0,Michael Kayode,0.2,7,0.00,0,"<a href=""/en/squads/cd051869/Brentford-Stats"">Brentford</a>",3,0.07,0,0.2
0,0,0.00,DF,0.0,0.0,0.00,0.00,3.0,1993,0.00,0.00,3,0.00,0,3,0,0.00,0,32-234,0,0.00,270,0,Michael Keane,0.0,5,0.00,0,"<a href=""/en/squads/d3fd31cc/Everton-Stats"">Everton</a>",0,0.00,0,0.0
0,0,0.00,GK,0.0,0.0,0.00,0.00,3.0,1998,0.00,0.00,3,0.00,1,3,0,0.00,0,26-283,0,0.00,270,0,Caoimhín Kelleher,0.0,1,0.00,0,"<a href=""/en/squads/cd051869/Brentford-Stats"">Brentford</a>",0,0.00,0,0.0
0,0,0.00,DF,0.0,0.0,0.00,0.00,2.7,2003,0.00,0.00,3,0.00,1,3,0,0.00,0,21-299,3,0.00,239,0,Milos Kerkez,0.0,8,0.00,0,"<a href=""/en/squads/822bd0ba/Liverpool-Stats"">Liverpool</a>",2,0.00,0,0.0
0,0,0.00,DF,0.0,0.0,0.00,0.00,1.0,2004,0.00,0.00,1,0.00,1,2,0,0.00,0,21-185,1,0.00,93,0,Abdukodir Khusanov,0.0,4,0.00,0,"<a href=""/en/squads/b8fd03ef/Manchester-City-Stats"">Manchester City</a>",2,0.00,0,0.0
0,0,0.01,DF,0.2,0.2,0.00,0.06,3.0,1997,0.00,0.00,3,0.06,1,3,0,0.00,0,28-102,1,0.07,270,0,Max Kilman,0.2,9,0.00,0,"<a href=""/en/squads/7c21e445/West-Ham-United-Stats"">West Ham</a>",0,0.07,0,0.0
0,0,0.04,MF,0.4,0.4,0.00,0.16,2.4,2007,0.00,0.00,3,0.16,0,3,0,0.00,0,18-242,15,0.20,212,0,Joshua King,0.5,14,0.00,0,"<a href=""/en/squads/fd962109/Fulham-Stats"">Fulham</a>",6,0.20,0,0.1
0,0,0.20,MF,0.1,0.1,0.00,0.44,0.3,1999,0.00,0.00,0,0.44,0,2,0,0.00,0,26-120,1,0.64,23,0,Justin Kluivert,0.2,2,0.00,0,"<a href=""/en/squads/4ba7cbea/Bournemouth-Stats"">Bournemouth</a>",0,0.64,0,0.1
0,0,0.00,DF,0.0,0.0,0.00,0.00,2.9,1999,0.00,0.00,3,0.00,1,3,0,0.00,0,26-100,0,0.00,258,0,Ibrahima Konaté,0.0,6,0.00,0,"<a href=""/en/squads/822bd0ba/Liverpool-Stats"">Liverpool</a>",3,0.00,0,0.0
0,0,0.02,DF,0.0,0.0,0.00,0.00,1.7,1997,0.00,0.00,2,0.00,0,2,0,0.00,0,27-314,1,0.02,155,0,Ezri Konsa,0.0,9,0.00,0,"<a href=""/en/squads/8602292d/Aston-Villa-Stats"">Aston Villa</a>",1,0.02,1,0.0
0,0,0.33,FW,0.1,0.1,0.69,0.02,2.9,2000,0.00,0.00,3,0.02,0,3,2,0.69,0,25-031,22,0.35,259,0,Mohammed Kudus,1.0,4,0.69,2,"<a href=""/en/squads/361ca564/Tottenham-Hotspur-Stats"">Tottenham</a>",6,0.35,0,0.9
0,0,0.17,DF,0.1,0.1,0.33,0.03,3.0,2000,0.00,0.00,3,0.03,1,3,1,0.33,0,25-149,1,0.21,270,0,Maxence Lacroix,0.6,3,0.33,1,"<a href=""/en/squads/47c64c55/Crystal-Palace-Stats"">Crystal Palace</a>",0,0.21,0,0.5
0,0,0.15,MF,0.1,0.1,0.00,0.10,1.1,1995,0.00,0.00,1,0.10,1,3,0,0.00,0,30-119,6,0.25,99,0,Josh Laurent,0.3,5,0.00,0,"<a href=""/en/squads/943e8050/Burnley-Stats"">Burnley</a>",2,0.25,0,0.2
0,1,0.14,"FW,MF",0.0,0.8,0.68,0.56,1.5,2000,0.68,0.00,1,0.03,0,3,1,0.00,1,25-211,14,0.17,133,1,Enzo Le Fée,0.2,3,0.00,0,"<a href=""/en/squads/8ef52968/Sunderland-Stats"">Sunderland</a>",2,0.70,0,0.2
0,0,0.00,GK,0.0,0.0,0.00,0.00,3.0,1992,0.00,0.00,3,0.00,0,3,0,0.00,0,33-182,0,0.00,270,0,Bernd Leno,0.0,0,0.00,0,"<a href=""/en/squads/fd962109/Fulham-Stats"">Fulham</a>",0,0.00,0,0.0
0,0,0.00,MF,0.4,0.4,0.00,0.50,0.7,1994,0.00,0.00,0,0.50,0,3,0,0.00,0,30-312,2,0.50,65,0,Jefferson Lerma,0.4,1,0.00,0,"<a href=""/en/squads/47c64c55/Crystal-Palace-Stats"">Crystal Palace</a>",1,0.50,0,0.0
0,0,0.56,DF,0.0,0.0,0.56,0.01,1.8,2004,0.00,0.00,2,0.01,0,3,1,0.56,0,20-285,9,0.58,161,0,Rico Lewis,1.0,16,0.56,1,"<a href=""/en/squads/b8fd03ef/Manchester-City-Stats"">Manchester City</a>",2,0.58,0,1.0
0,0,0.00,"DF,FW",0.1,0.1,0.00,0.05,2.5,2001,0.00,0.00,3,0.05,0,3,0,0.00,0,24-192,5,0.05,229,0,Keane Lewis-Potter,0.1,3,0.00,0,"<a href=""/en/squads/cd051869/Brentford-Stats"">Brentford</a>",3,0.05,0,0.0
0,0,0.00,DF,0.0,0.0,0.00,0.00,0.5,2006,0.00,0.00,0,0.00,1,2,0,0.00,0,18-341,2,0.00,46,0,Myles Lewis-Skelly,0.0,0,0.00,0,"<a href=""/en/squads/18bb7c10/Arsenal-Stats"">Arsenal</a>",1,0.00,0,0.0
0,0,0.07,DF,0.3,0.3,0.00,0.10,3.0,1999,0.00,0.00,3,0.10,0,3,0,0.00,0,26-021,3,0.17,270,0,Matthijs de Ligt,0.5,8,0.00,0,"<a href=""/en/squads/19538871/Manchester-United-Stats"">Manchester Utd</a>",1,0.17,0,0.2
0,0,0.07,DF,0.0,0.0,0.33,0.00,3.0,2002,0.00,0.00,3,0.00,0,3,1,0.33,0,22-294,20,0.07,270,0,Valentino Livramento,0.2,11,0.33,1,"<a href=""/en/squads/b2b47a98/Newcastle-United-Stats"">Newcastle Utd</a>",6,0.07,0,0.2
0,0,0.04,MF,0.0,0.0,0.00,0.00,1.4,1997,0.00,0.00,1,0.00,0,3,0,0.00,0,27-307,0,0.04,124,0,Sean Longstaff,0.0,2,0.00,0,"<a href=""/en/squads/5bfb9659/Leeds-United-Stats"">Leeds United</a>",0,0.04,0,0.0
0,0,0.00,MF,0.1,0.1,0.00,0.22,0.5,,0.00,0.00,0,0.22,0,2,0,0.00,0,,3,0.22,47,0,Fer López,0.1,6,0.00,0,"<a href=""/en/squads/8cec06e1/Wolverhampton-Wanderers-Stats"">Wolves</a>",3,0.22,0,0.0
0,0,0.19,MF,0.0,0.0,0.00,0.00,3.0,1996,0.00,0.00,3,0.00,2,3,0,0.00,0,29-020,10,0.19,270,0,Saša Lukić,0.6,7,0.00,0,"<a href=""/en/squads/fd962109/Fulham-Stats"">Fulham</a>",5,0.19,0,0.6
0,0,0.14,DF,0.1,0.1,0.00,0.12,1.2,2002,0.00,0.00,1,0.12,0,2,0,0.00,0,23-176,11,0.26,110,0,Ian Maatsen,0.3,7,0.00,0,"<a href=""/en/squads/8602292d/Aston-Villa-Stats"">Aston Villa</a>",2,0.26,0,0.2
0,0,0.49,MF,0.1,0.1,0.69,0.06,1.5,1998,0.00,0.00,2,0.06,0,2,1,0.69,0,26-252,4,0.55,131,0,Alexis Mac Allister,0.8,7,0.69,1,"<a href=""/en/squads/822bd0ba/Liverpool-Stats"">Liverpool</a>",2,0.55,0,0.7
0,0,0.06,FW,0.1,0.1,0.00,0.07,2.0,2002,0.00,0.00,2,0.07,0,3,0,0.00,0,23-176,19,0.13,182,0,Noni Madueke,0.3,5,0.00,0,"<a href=""/en/squads/18bb7c10/Arsenal-Stats"">Arsenal</a>",9,0.13,0,0.1
0,0,0.00,DF,0.1,0.1,0.00,0.02,3.0,1997,0.00,0.00,3,0.02,0,3,0,0.00,0,27-257,1,0.02,270,0,Gabriel Magalhães,0.1,7,0.00,0,"<a href=""/en/squads/18bb7c10/Arsenal-Stats"">Arsenal</a>",4,0.02,0,0.0
0,0,0.00,DF,0.1,0.1,0.00,0.58,0.2,1993,0.00,0.00,0,0.58,0,2,0,0.00,0,32-181,2,0.58,15,0,Harry Maguire,0.1,0,0.00,0,"<a href=""/en/squads/19538871/Manchester-United-Stats"">Manchester Utd</a>",0,0.58,0,0.0
0,0,0.20,MF,0.1,0.1,0.00,0.14,0.5,2005,0.00,0.00,0,0.14,0,1,0,0.00,0,20-136,2,0.34,45,0,Kobbie Mainoo,0.2,3,0.00,0,"<a href=""/en/squads/19538871/Manchester-United-Stats"">Manchester Utd</a>",2,0.34,0,0.1
0,0,0.00,"FW,MF",0.2,0.2,0.00,0.16,1.3,1999,0.00,0.00,1,0.16,0,3,0,0.00,0,26-236,10,0.16,116,0,Donyell Malen,0.2,2,0.00,0,"<a href=""/en/squads/8602292d/Aston-Villa-Stats"">Aston Villa</a>",2,0.16,0,0.0
0,0,0.00,DF,0.0,0.0,0.00,0.01,3.0,1994,0.00,0.00,3,0.01,1,3,0,0.00,0,31-224,7,0.01,270,0,Reinildo Mandava,0.0,14,0.00,0,"<a href=""/en/squads/8ef52968/Sunderland-Stats"">Sunderland</a>",7,0.01,0,0.0
0,0,0.58,"FW,MF",0.8,0.8,0.60,0.50,1.7,1999,0.00,0.00,2,0.50,0,3,1,0.60,0,26-207,14,1.08,149,0,Omar Marmoush,1.8,5,0.60,1,"<a href=""/en/squads/b8fd03ef/Manchester-City-Stats"">Manchester City</a>",7,1.08,0,1.0
0,0,0.03,FW,0.0,0.0,0.00,0.02,1.4,2001,0.00,0.00,2,0.02,0,2,0,0.00,0,24-076,3,0.04,128,0,Gabriel Martinelli,0.1,3,0.00,0,"<a href=""/en/squads/18bb7c10/Arsenal-Stats"">Arsenal</a>",3,0.04,0,0.0
0,0,0.00,GK,0.0,0.0,0.00,0.00,1.0,1992,0.00,0.00,1,0.00,0,1,0,0.00,0,33-000,0,0.00,90,0,Emiliano Martínez,0.0,0,0.00,0,"<a href=""/en/squads/8602292d/Aston-Villa-Stats"">Aston Villa</a>",0,0.00,0,0.0
0,0,0.16,MF,0.0,0.0,0.35,0.01,2.8,2002,0.00,0.00,3,0.01,0,3,1,0.35,0,22-353,10,0.17,255,0,Pape Matar Sarr,0.5,7,0.35,1,"<a href=""/en/squads/361ca564/Tottenham-Hotspur-Stats"">Tottenham</a>",2,0.17,0,0.4
0,1,0.00,FW,0.5,1.2,0.34,0.43,2.9,1997,0.34,0.00,3,0.16,2,3,1,0.00,1,28-066,7,0.16,261,1,Jean-Philippe Mateta,0.5,4,0.00,0,"<a href=""/en/squads/47c64c55/Crystal-Palace-Stats"">Crystal Palace</a>",1,0.43,0,0.0
0,0,0.00,DF,0.1,0.1,0.00,0.06,1.0,1997,0.00,0.00,1,0.06,0,1,0,0.00,0,27-265,0,0.06,90,0,Konstantinos Mavropanos,0.1,3,0.00,0,"<a href=""/en/squads/7c21e445/West-Ham-United-Stats"">West Ham</a>",0,0.06,0,0.0
1,1,0.11,FW,0.4,0.4,0.45,0.18,2.2,2005,0.45,0.45,3,0.18,0,3,1,0.45,0,20-117,5,0.29,201,0,Eliezer Mayenda,0.7,0,0.00,0,"<a href=""/en/squads/8ef52968/Sunderland-Stats"">Sunderland</a>",2,0.29,0,0.3
0,0,0.00,DF,0.0,0.0,0.00,0.00,0.1,1997,0.00,0.00,0,0.00,0,1,0,0.00,0,27-292,1,0.00,6,0,Noussair Mazraoui,0.0,2,0.00,0,"<a href=""/en/squads/19538871/Manchester-United-Stats"">Manchester Utd</a>",0,0.00,0,0.0
1,1,0.45,MF,1.1,1.1,0.33,0.36,3.0,1999,0.33,0.33,3,0.36,0,3,1,0.33,0,26-026,32,0.81,270,0,Bryan Mbeumo,2.4,7,0.00,0,"<a href=""/en/squads/19538871/Manchester-United-Stats"">Manchester Utd</a>",13,0.81,0,1.3
0,0,0.46,"FW,MF",0.0,0.0,0.00,0.00,0.6,2002,0.00,0.00,0,0.00,0,2,0,0.00,0,22-319,4,0.46,52,0,James Mcatee,0.3,3,0.00,0,"<a href=""/en/squads/e4a775cb/Nottingham-Forest-Stats"">Nott'ham Forest</a>",1,0.46,0,0.3
0,0,0.26,"FW,MF",0.0,0.0,0.00,0.02,2.5,1994,0.00,0.00,3,0.02,0,3,0,0.00,0,30-319,13,0.28,229,0,John McGinn,0.7,7,0.00,0,"<a href=""/en/squads/8602292d/Aston-Villa-Stats"">Aston Villa</a>",4,0.28,0,0.7
0,0,0.64,FW,0.2,0.2,0.00,1.10,0.2,1999,0.00,0.00,0,1.10,0,1,0,0.00,0,25-284,2,1.74,20,0,Dwight McNeil,0.4,0,0.00,0,"<a href=""/en/squads/d3fd31cc/Everton-Stats"">Everton</a>",0,1.74,0,0.1
0,0,0.08,MF,0.2,0.2,0.00,0.07,2.3,2003,0.00,0.00,3,0.07,0,3,0,0.00,0,22-224,6,0.15,208,0,Hannibal Mejbri,0.4,5,0.00,0,"<a href=""/en/squads/943e8050/Burnley-Stats"">Burnley</a>",4,0.15,0,0.2
0,0,0.00,MF,0.0,0.0,0.00,0.00,0.9,1996,0.00,0.00,1,0.00,0,2,0,0.00,0,29-072,1,0.00,77,0,Mikel Merino,0.0,3,0.00,0,"<a href=""/en/squads/18bb7c10/Arsenal-Stats"">Arsenal</a>",1,0.00,0,0.0
0,0,0.00,MF,0.0,0.0,0.00,0.00,0.5,2005,0.00,0.00,1,0.00,0,1,0,0.00,0,20-152,1,0.00,45,0,Antoni Milambo,0.0,3,0.00,0,"<a href=""/en/squads/cd051869/Brentford-Stats"">Brentford</a>",1,0.00,0,0.0
0,0,0.00,DF,0.1,0.1,0.00,0.02,3.0,1997,0.00,0.00,3,0.02,0,3,0,0.00,0,27-325,0,0.02,270,0,Nikola Milenković,0.1,2,0.00,0,"<a href=""/en/squads/e4a775cb/Nottingham-Forest-Stats"">Nott'ham Forest</a>",0,0.02,0,0.0
0,0,0.04,MF,0.0,0.0,0.00,0.02,0.9,2006,0.00,0.00,0,0.02,0,3,0,0.00,0,19-124,3,0.06,78,0,Lewis Miley,0.1,3,0.00,0,"<a href=""/en/squads/b2b47a98/Newcastle-United-Stats"">Newcastle Utd</a>",1,0.06,0,0.0
0,1,0.00,MF,0.0,0.8,2.65,2.09,0.4,1986,2.65,0.00,0,0.00,0,2,1,0.00,1,39-241,0,0.00,34,1,James Milner,0.0,1,0.00,0,"<a href=""/en/squads/d07537b9/Brighton-and-Hove-Albion-Stats"">Brighton</a>",1,2.09,0,0.0
0,0,0.02,DF,0.1,0.1,0.00,0.04,3.0,1993,0.00,0.00,3,0.04,0,3,0,0.00,0,32-173,1,0.06,270,0,Tyrone Mings,0.2,16,0.00,0,"<a href=""/en/squads/8602292d/Aston-Villa-Stats"">Aston Villa</a>",0,0.06,0,0.1
0,0,0.35,FW,0.4,0.4,0.00,0.13,2.7,2004,0.00,0.00,3,0.13,0,3,0,0.00,0,21-042,19,0.48,247,0,Yankuba Minteh,1.3,3,0.00,0,"<a href=""/en/squads/d07537b9/Brighton-and-Hove-Albion-Stats"">Brighton</a>",14,0.48,0,1.0
0,0,0.04,"DF,MF",0.0,0.0,0.00,0.00,3.0,1999,0.00,0.00,3,0.00,1,3,0,0.00,0,26-001,19,0.04,270,0,Tyrick Mitchell,0.1,3,0.00,0,"<a href=""/en/squads/47c64c55/Crystal-Palace-Stats"">Crystal Palace</a>",11,0.04,0,0.1
0,0,0.34,FW,0.3,0.3,0.34,0.10,2.9,1997,0.00,0.00,3,0.10,1,3,1,0.34,0,28-105,20,0.44,262,0,Kaoru Mitoma,1.3,7,0.34,1,"<a href=""/en/squads/d07537b9/Brighton-and-Hove-Albion-Stats"">Brighton</a>",9,0.44,0,1.0
0,0,0.00,DF,0.0,0.0,0.00,0.00,1.3,2004,0.00,0.00,0,0.00,0,2,0,0.00,0,21-067,0,0.00,113,0,Cristhian Mosquera,0.0,3,0.00,0,"<a href=""/en/squads/18bb7c10/Arsenal-Stats"">Arsenal</a>",1,0.00,0,0.0
0,0,0.19,MF,0.2,0.2,0.00,0.09,2.0,1999,0.00,0.00,3,0.09,0,3,0,0.00,0,26-235,7,0.29,177,0,Mason Mount,0.6,12,0.00,0,"<a href=""/en/squads/19538871/Manchester-United-Stats"">Manchester Utd</a>",3,0.29,0,0.4
0,0,0.00,DF,0.1,0.1,0.00,0.07,1.0,1997,0.00,0.00,1,0.07,0,1,0,0.00,0,27-305,0,0.07,90,0,Nordi Mukiele,0.1,6,0.00,0,"<a href=""/en/squads/8ef52968/Sunderland-Stats"">Sunderland</a>",1,0.07,0,0.0
0,0,0.14,FW,0.1,0.1,0.33,0.05,3.0,1996,0.00,0.00,3,0.05,0,3,1,0.33,0,29-072,6,0.19,270,0,Marshall Munetsi,0.6,6,0.33,1,"<a href=""/en/squads/8cec06e1/Wolverhampton-Wanderers-Stats"">Wolves</a>",1,0.19,0,0.4
1,1,0.04,FW,0.6,0.6,0.59,0.33,1.7,2001,0.59,0.59,2,0.33,1,3,1,0.59,0,24-121,2,0.37,153,0,Rodrigo Muniz,0.6,1,0.00,0,"<a href=""/en/squads/fd962109/Fulham-Stats"">Fulham</a>",0,0.37,0,0.1
0,0,0.49,"DF,MF",0.0,0.0,0.33,0.02,3.0,1996,0.00,0.00,3,0.02,1,3,1,0.33,0,29-099,14,0.50,270,0,Daniel Muñoz,1.5,6,0.33,1,"<a href=""/en/squads/47c64c55/Crystal-Palace-Stats"">Crystal Palace</a>",4,0.50,0,1.5
0,0,0.00,DF,0.0,0.0,0.00,0.00,3.0,2002,0.00,0.00,3,0.00,1,3,0,0.00,0,23-060,0,0.00,270,0,Murillo,0.0,26,0.00,0,"<a href=""/en/squads/e4a775cb/Nottingham-Forest-Stats"">Nott'ham Forest</a>",2,0.00,0,0.0
0,0,0.00,FW,0.1,0.1,0.00,0.10,0.8,1995,0.00,0.00,1,0.10,0,2,0,0.00,0,30-190,12,0.10,74,0,Jacob Murphy,0.1,2,0.00,0,"<a href=""/en/squads/b2b47a98/Newcastle-United-Stats"">Newcastle Utd</a>",3,0.10,0,0.0
0,0,0.00,DF,0.0,0.0,0.00,0.00,1.0,1999,0.00,0.00,1,0.00,0,1,0,0.00,0,26-096,0,0.00,90,0,Vitaliy Mykolenko,0.0,5,0.00,0,"<a href=""/en/squads/d3fd31cc/Everton-Stats"">Everton</a>",0,0.00,0,0.0
0,0,0.18,MF,0.0,0.0,0.68,0.00,1.5,2002,0.00,0.00,2,0.00,0,3,1,0.68,0,23-132,7,0.18,132,0,David Møller Wolfe,0.3,2,0.68,1,"<a href=""/en/squads/8cec06e1/Wolverhampton-Wanderers-Stats"">Wolves</a>",3,0.18,0,0.3
2,2,0.07,FW,1.3,1.3,0.74,0.48,2.7,2000,0.74,0.74,3,0.48,0,3,2,0.74,0,25-180,16,0.54,242,0,Iliman Ndiaye,1.5,3,0.00,0,"<a href=""/en/squads/d3fd31cc/Everton-Stats"">Everton</a>",4,0.54,0,0.2
1,1,0.17,FW,0.1,0.1,0.88,0.05,2.3,2000,0.44,0.44,3,0.05,0,3,2,0.88,0,24-312,21,0.21,205,0,Dan Ndoye,0.5,3,0.44,1,"<a href=""/en/squads/e4a775cb/Nottingham-Forest-Stats"">Nott'ham Forest</a>",9,0.21,0,0.4
1,1,0.18,FW,0.4,0.4,0.35,0.14,2.9,2000,0.35,0.35,3,0.14,0,3,1,0.35,0,25-177,27,0.32,260,0,Pedro Neto,0.9,11,0.00,0,"<a href=""/en/squads/cff3d9bb/Chelsea-Stats"">Chelsea</a>",14,0.32,0,0.5
1,1,0.00,FW,0.4,0.4,90.00,31.98,0.0,2008,90.00,90.00,0,31.98,0,1,1,90.00,0,17-004,2,31.98,1,0,Rio Ngumoha,0.4,0,0.00,0,"<a href=""/en/squads/822bd0ba/Liverpool-Stats"">Liverpool</a>",1,31.98,0,0.0
0,1,0.00,FW,0.2,0.9,0.78,0.71,1.3,1998,0.78,0.00,1,0.14,0,3,1,0.00,1,26-262,6,0.14,115,1,Lukas Nmecha,0.2,1,0.00,0,"<a href=""/en/squads/5bfb9659/Leeds-United-Stats"">Leeds United</a>",1,0.71,0,0.0
0,0,0.00,DF,0.0,0.0,0.00,0.00,1.2,1998,0.00,0.00,1,0.00,0,2,0,0.00,0,27-006,4,0.00,109,0,Matheus Nunes,0.0,6,0.00,0,"<a href=""/en/squads/b8fd03ef/Manchester-City-Stats"">Manchester City</a>",3,0.00,0,0.0
0,0,0.00,MF,0.0,0.0,0.00,0.04,0.6,2007,0.00,0.00,0,0.04,0,1,0,0.00,0,18-165,1,0.04,53,0,Ethan Nwaneri,0.0,3,0.00,0,"<a href=""/en/squads/18bb7c10/Arsenal-Stats"">Arsenal</a>",3,0.04,0,0.0
0,0,0.00,DF,0.3,0.3,0.00,0.09,3.0,2001,0.00,0.00,3,0.09,0,3,0,0.00,0,24-110,13,0.09,270,0,Jake O'Brien,0.3,8,0.00,0,"<a href=""/en/squads/d3fd31cc/Everton-Stats"">Everton</a>",1,0.09,0,0.0
0,1,0.10,MF,0.4,1.2,0.51,0.61,2.0,2000,0.51,0.00,2,0.21,0,2,1,0.00,1,24-285,11,0.32,177,1,Matt O'Riley,0.6,5,0.00,0,"<a href=""/en/squads/d07537b9/Brighton-and-Hove-Albion-Stats"">Brighton</a>",0,0.72,0,0.2
0,0,0.19,"FW,MF",0.3,0.3,0.00,0.44,0.7,2004,0.00,0.00,0,0.44,0,3,0,0.00,0,20-278,7,0.63,61,0,Wilson Odobert,0.4,4,0.00,0,"<a href=""/en/squads/361ca564/Tottenham-Hotspur-Stats"">Tottenham</a>",2,0.63,0,0.1
0,0,0.00,FW,0.0,0.0,0.00,0.00,0.3,2000,0.00,0.00,0,0.00,0,1,0,0.00,0,25-101,0,0.00,25,0,Noah Okafor,0.0,0,0.00,0,"<a href=""/en/squads/5bfb9659/Leeds-United-Stats"">Leeds United</a>",0,0.00,0,0.0
0,0,0.00,MF,0.2,0.2,0.00,0.13,1.7,2001,0.00,0.00,2,0.13,1,2,0,0.00,0,24-017,1,0.13,153,0,Amadou Onana,0.2,8,0.00,0,"<a href=""/en/squads/8602292d/Aston-Villa-Stats"">Aston Villa</a>",2,0.13,0,0.0
0,0,0.17,MF,0.0,0.0,1.41,0.00,0.7,1998,0.00,0.00,0,0.00,0,3,1,1.41,0,27-244,1,0.17,64,0,Frank Onyeka,0.1,1,1.41,1,"<a href=""/en/squads/cd051869/Brentford-Stats"">Brentford</a>",2,0.17,0,0.1
1,1,0.00,FW,0.4,0.4,0.85,0.34,1.2,2003,0.85,0.85,1,0.34,0,3,1,0.85,0,22-029,9,0.34,106,0,William Osula,0.4,1,0.00,0,"<a href=""/en/squads/b2b47a98/Newcastle-United-Stats"">Newcastle Utd</a>",1,0.34,0,0.0
1,1,0.00,FW,0.9,0.9,0.52,0.44,1.9,2002,0.52,0.52,2,0.44,0,2,1,0.52,0,23-203,7,0.44,173,0,Dango Ouattara,0.9,0,0.00,0,"<a href=""/en/squads/cd051869/Brentford-Stats"">Brentford</a>",4,0.44,0,0.0
0,0,0.00,MF,0.0,0.0,0.00,0.04,0.5,2005,0.00,0.00,0,0.04,1,2,0,0.00,0,20-165,3,0.04,44,0,Nico O’Reilly,0.0,2,0.00,0,"<a href=""/en/squads/b8fd03ef/Manchester-City-Stats"">Manchester City</a>",2,0.04,0,0.0
1,1,0.00,MF,0.1,0.1,0.59,0.08,1.7,1995,0.59,0.59,2,0.08,0,3,1,0.59,0,30-055,3,0.08,153,0,João Palhinha,0.1,1,0.00,0,"<a href=""/en/squads/361ca564/Tottenham-Hotspur-Stats"">Tottenham</a>",0,0.08,0,0.0
0,0,0.02,MF,0.2,0.2,0.00,0.17,1.0,2002,0.00,0.00,1,0.17,0,1,0,0.00,0,23-119,9,0.19,90,0,Cole Palmer,0.2,5,0.00,0,"<a href=""/en/squads/cff3d9bb/Chelsea-Stats"">Chelsea</a>",6,0.19,0,0.0
1,2,0.03,MF,0.4,1.2,0.67,0.39,3.0,1997,0.67,0.33,3,0.13,0,3,2,0.33,1,28-006,13,0.16,270,1,Lucas Paquetá,0.5,24,0.00,0,"<a href=""/en/squads/7c21e445/West-Ham-United-Stats"">West Ham</a>",2,0.43,0,0.1
0,0,0.00,DF,0.0,0.0,0.00,0.00,0.2,2008,0.00,0.00,0,0.00,0,1,0,0.00,0,17-182,4,0.00,17,0,Bradley Paul Burrowes,0.0,0,0.00,0,"<a href=""/en/squads/8602292d/Aston-Villa-Stats"">Aston Villa</a>",1,0.00,0,0.0
0,0,0.00,GK,0.0,0.0,0.00,0.00,3.0,1997,0.00,0.00,3,0.00,0,3,0,0.00,0,27-266,0,0.00,270,0,Lucas Perri,0.0,0,0.00,0,"<a href=""/en/squads/5bfb9659/Leeds-United-Stats"">Leeds United</a>",0,0.00,0,0.0
0,0,0.00,GK,0.0,0.0,0.00,0.00,3.0,1999,0.00,0.00,3,0.00,1,3,0,0.00,0,25-329,0,0.00,270,0,Đorđe Petrović,0.0,0,0.00,0,"<a href=""/en/squads/4ba7cbea/Bournemouth-Stats"">Bournemouth</a>",0,0.00,0,0.0
0,0,0.00,GK,0.0,0.0,0.00,0.00,3.0,1994,0.00,0.00,3,0.00,0,3,0,0.00,0,31-179,0,0.00,270,0,Jordan Pickford,0.0,0,0.00,0,"<a href=""/en/squads/d3fd31cc/Everton-Stats"">Everton</a>",0,0.00,0,0.0
0,0,1.62,MF,0.0,0.0,0.00,0.11,0.2,2002,0.00,0.00,0,0.11,0,1,0,0.00,0,22-317,1,1.73,20,0,Yeremi Pino,0.4,1,0.00,0,"<a href=""/en/squads/47c64c55/Crystal-Palace-Stats"">Crystal Palace</a>",0,1.73,0,0.4
0,0,0.00,FW,0.3,0.3,0.00,0.22,1.5,1999,0.00,0.00,2,0.22,0,2,0,0.00,0,26-031,3,0.22,134,0,Joël Piroe,0.3,1,0.00,0,"<a href=""/en/squads/5bfb9659/Leeds-United-Stats"">Leeds United</a>",0,0.22,0,0.0
0,0,0.00,GK,0.0,0.0,0.00,0.00,3.0,1992,0.00,0.00,3,0.00,1,3,0,0.00,0,33-136,0,0.00,270,0,Nick Pope,0.0,0,0.00,0,"<a href=""/en/squads/b2b47a98/Newcastle-United-Stats"">Newcastle Utd</a>",0,0.00,0,0.0
0,0,0.11,DF,0.1,0.1,0.00,0.04,2.8,1999,0.00,0.00,3,0.04,1,3,0,0.00,0,25-354,6,0.15,250,0,Pedro Porro,0.4,11,0.00,0,"<a href=""/en/squads/361ca564/Tottenham-Hotspur-Stats"">Tottenham</a>",6,0.15,0,0.3
0,0,0.00,MF,0.0,0.0,0.00,0.00,0.5,2003,0.00,0.00,0,0.00,0,1,0,0.00,0,21-355,0,0.00,45,0,Freddie Potts,0.0,0,0.00,0,"<a href=""/en/squads/7c21e445/West-Ham-United-Stats"">West Ham</a>",0,0.00,0,0.0
0,0,0.42,MF,0.0,0.0,0.00,0.04,0.7,2001,0.00,0.00,1,0.04,0,2,0,0.00,0,24-097,4,0.46,60,0,Jacob Ramsey,0.3,5,0.00,0,"<a href=""/en/squads/b2b47a98/Newcastle-United-Stats"">Newcastle Utd</a>",3,0.46,0,0.3
0,0,0.02,GK,0.0,0.0,0.00,0.00,3.0,1995,0.00,0.00,3,0.00,1,3,0,0.00,0,29-352,0,0.02,270,0,David Raya,0.1,1,0.00,0,"<a href=""/en/squads/18bb7c10/Arsenal-Stats"">Arsenal</a>",0,0.02,0,0.1
1,1,0.09,MF,0.3,0.3,0.67,0.09,3.0,1998,0.33,0.33,3,0.09,1,3,2,0.67,0,27-035,17,0.18,270,0,Tijjani Reijnders,0.5,15,0.33,1,"<a href=""/en/squads/b8fd03ef/Manchester-City-Stats"">Manchester City</a>",8,0.18,0,0.3
0,0,0.18,MF,0.1,0.1,0.34,0.05,2.9,1999,0.00,0.00,3,0.05,0,3,1,0.34,0,26-231,1,0.23,262,0,Declan Rice,0.7,10,0.34,1,"<a href=""/en/squads/18bb7c10/Arsenal-Stats"">Arsenal</a>",5,0.23,0,0.5
0,0,0.00,DF,0.1,0.1,0.00,0.03,3.0,2000,0.00,0.00,3,0.03,0,3,0,0.00,0,25-158,0,0.03,270,0,Chris Richards,0.1,6,0.00,0,"<a href=""/en/squads/47c64c55/Crystal-Palace-Stats"">Crystal Palace</a>",0,0.03,0,0.0
2,2,0.16,FW,0.8,0.8,1.14,0.32,2.6,1997,0.76,0.76,3,0.32,1,3,3,1.14,0,28-115,3,0.48,237,0,Richarlison,1.3,5,0.38,1,"<a href=""/en/squads/361ca564/Tottenham-Hotspur-Stats"">Tottenham</a>",2,0.48,0,0.4
0,0,0.00,FW,0.0,0.0,0.00,0.00,0.0,2007,0.00,0.00,0,0.00,0,1,0,0.00,0,18-076,1,0.00,1,0,Chris Rigg,0.0,0,0.00,0,"<a href=""/en/squads/8ef52968/Sunderland-Stats"">Sunderland</a>",0,0.00,0,0.0
0,0,0.00,"MF,FW",0.0,0.0,0.00,0.11,0.3,1997,0.00,0.00,0,0.11,0,1,0,0.00,0,28-209,4,0.11,28,0,Patrick Roberts,0.0,1,0.00,0,"<a href=""/en/squads/8ef52968/Sunderland-Stats"">Sunderland</a>",1,0.11,0,0.0
0,0,0.00,DF,0.0,0.0,0.00,0.00,0.3,1994,0.00,0.00,0,0.00,0,1,0,0.00,0,31-175,1,0.00,31,0,Andrew Robertson,0.0,0,0.00,0,"<a href=""/en/squads/822bd0ba/Liverpool-Stats"">Liverpool</a>",0,0.00,0,0.0
0,0,0.05,DF,0.0,0.0,0.00,0.00,0.6,1997,0.00,0.00,0,0.00,0,2,0,0.00,0,28-025,6,0.05,53,0,Antonee Robinson,0.0,4,0.00,0,"<a href=""/en/squads/fd962109/Fulham-Stats"">Fulham</a>",3,0.05,0,0.0
0,0,0.00,DF,0.0,0.0,0.00,0.00,3.0,1997,0.00,0.00,3,0.00,0,3,0,0.00,0,27-315,0,0.00,270,0,Joe Rodon,0.0,8,0.00,0,"<a href=""/en/squads/5bfb9659/Leeds-United-Stats"">Leeds United</a>",1,0.00,0,0.0
0,0,0.07,MF,0.1,0.1,0.00,0.06,1.2,1996,0.00,0.00,1,0.06,0,2,0,0.00,0,29-072,3,0.13,106,0,Rodri,0.2,13,0.00,0,"<a href=""/en/squads/b8fd03ef/Manchester-City-Stats"">Manchester City</a>",3,0.13,0,0.1
0,0,0.00,MF,0.0,0.0,0.00,0.03,0.8,1994,0.00,0.00,1,0.03,0,1,0,0.00,0,31-143,3,0.03,70,0,Guido Rodríguez,0.0,4,0.00,0,"<a href=""/en/squads/7c21e445/West-Ham-United-Stats"">West Ham</a>",0,0.03,0,0.0
0,0,0.00,GK,0.0,0.0,0.00,0.00,3.0,2003,0.00,0.00,3,0.00,0,3,0,0.00,0,22-228,0,0.00,270,0,Robin Roefs,0.0,0,0.00,0,"<a href=""/en/squads/8ef52968/Sunderland-Stats"">Sunderland</a>",0,0.00,0,0.0
0,0,0.09,"FW,MF",0.1,0.1,0.00,0.05,3.0,2002,0.00,0.00,3,0.05,0,3,0,0.00,0,23-038,21,0.14,270,0,Morgan Rogers,0.4,11,0.00,0,"<a href=""/en/squads/8602292d/Aston-Villa-Stats"">Aston Villa</a>",3,0.14,0,0.3
0,0,0.00,DF,0.0,0.0,0.00,0.00,3.0,1998,0.00,0.00,3,0.00,1,3,0,0.00,0,27-128,0,0.00,270,0,Cristian Romero,0.0,8,0.00,0,"<a href=""/en/squads/361ca564/Tottenham-Hotspur-Stats"">Tottenham</a>",1,0.00,0,0.0
0,0,0.02,FW,0.1,0.1,0.00,0.12,1.1,2002,0.00,0.00,1,0.12,0,2,0,0.00,0,23-135,9,0.15,98,0,Georginio Rutter,0.2,2,0.00,0,"<a href=""/en/squads/d07537b9/Brighton-and-Hove-Albion-Stats"">Brighton</a>",3,0.15,0,0.0
0,0,0.02,GK,0.0,0.0,0.00,0.00,3.0,1993,0.00,0.00,3,0.00,0,3,0,0.00,0,32-228,0,0.02,270,0,José Sá,0.1,0,0.00,0,"<a href=""/en/squads/8cec06e1/Wolverhampton-Wanderers-Stats"">Wolves</a>",0,0.02,0,0.1
0,0,0.04,MF,0.0,0.0,0.00,0.00,3.0,2004,0.00,0.00,3,0.00,0,3,0,0.00,0,20-259,11,0.04,270,0,Noah Sadiki,0.1,9,0.00,0,"<a href=""/en/squads/8ef52968/Sunderland-Stats"">Sunderland</a>",6,0.04,0,0.1
1,1,0.07,FW,0.3,0.3,0.63,0.16,1.6,2001,0.63,0.63,2,0.16,0,2,1,0.63,0,23-362,15,0.23,142,0,Bukayo Saka,0.4,2,0.00,0,"<a href=""/en/squads/18bb7c10/Arsenal-Stats"">Arsenal</a>",5,0.23,0,0.1
1,1,0.17,FW,0.3,0.3,0.67,0.11,3.0,1992,0.33,0.33,3,0.11,0,3,2,0.67,0,33-079,31,0.27,269,0,Mohamed Salah,0.8,9,0.33,1,"<a href=""/en/squads/822bd0ba/Liverpool-Stats"">Liverpool</a>",9,0.27,0,0.5
0,0,0.00,DF,0.0,0.0,0.00,0.00,2.0,2001,0.00,0.00,3,0.00,0,3,0,0.00,0,24-162,0,0.00,184,0,William Saliba,0.0,7,0.00,0,"<a href=""/en/squads/18bb7c10/Arsenal-Stats"">Arsenal</a>",1,0.00,0,0.0
0,0,0.00,GK,0.0,0.0,0.00,0.00,3.0,1997,0.00,0.00,3,0.00,0,3,0,0.00,0,27-288,0,0.00,270,0,Robert Sánchez,0.0,0,0.00,0,"<a href=""/en/squads/cff3d9bb/Chelsea-Stats"">Chelsea</a>",0,0.00,0,0.0
0,0,0.00,MF,0.0,0.0,0.00,0.01,2.9,1997,0.00,0.00,3,0.01,0,3,0,0.00,0,27-274,1,0.01,265,0,Ibrahim Sangaré,0.0,16,0.00,0,"<a href=""/en/squads/e4a775cb/Nottingham-Forest-Stats"">Nott'ham Forest</a>",2,0.01,0,0.0
0,0,0.10,MF,0.3,0.3,0.00,0.54,0.6,2004,0.00,0.00,0,0.54,1,3,0,0.00,0,21-122,5,0.65,51,0,Andrey Santos,0.4,3,0.00,0,"<a href=""/en/squads/cff3d9bb/Chelsea-Stats"">Chelsea</a>",2,0.65,0,0.1
2,2,0.02,"MF,FW",2.0,2.0,0.67,0.66,3.0,1998,0.67,0.67,3,0.66,1,3,2,0.67,0,27-189,12,0.68,270,0,Ismaila Sarr,2.0,8,0.00,0,"<a href=""/en/squads/47c64c55/Crystal-Palace-Stats"">Crystal Palace</a>",4,0.68,0,0.0
0,0,0.03,FW,0.3,1.0,0.00,0.44,2.4,2001,0.00,0.00,2,0.11,0,3,0,0.00,0,23-279,6,0.14,212,1,Kevin Schade,0.3,0,0.00,0,"<a href=""/en/squads/cd051869/Brentford-Stats"">Brentford</a>",3,0.47,0,0.1
0,0,0.01,DF,0.1,0.1,0.00,0.03,2.9,1991,0.00,0.00,3,0.03,0,3,0,0.00,0,33-256,1,0.04,260,0,Fabian Schär,0.1,9,0.00,0,"<a href=""/en/squads/b2b47a98/Newcastle-United-Stats"">Newcastle Utd</a>",3,0.04,0,0.0
0,0,0.10,MF,0.1,0.1,0.00,0.05,2.2,2003,0.00,0.00,3,0.05,1,3,0,0.00,0,22-012,6,0.15,200,0,Alex Scott,0.3,3,0.00,0,"<a href=""/en/squads/4ba7cbea/Bournemouth-Stats"">Bournemouth</a>",4,0.15,0,0.2
0,0,0.00,DF,0.0,0.0,0.00,0.00,1.5,2003,0.00,0.00,1,0.00,0,2,0,0.00,0,22-102,0,0.00,134,0,Jenson Seelt,0.0,14,0.00,0,"<a href=""/en/squads/8ef52968/Sunderland-Stats"">Sunderland</a>",2,0.00,0,0.0
0,0,0.00,GK,0.0,0.0,0.00,0.00,3.0,1992,0.00,0.00,3,0.00,1,3,0,0.00,0,33-188,0,0.00,270,0,Matz Sels,0.0,0,0.00,0,"<a href=""/en/squads/e4a775cb/Nottingham-Forest-Stats"">Nott'ham Forest</a>",0,0.00,0,0.0
2,2,0.10,"MF,FW",1.8,1.8,1.00,0.60,3.0,2000,0.67,0.67,3,0.60,1,3,3,1.00,0,25-238,18,0.70,270,0,Antoine Semenyo,2.1,12,0.33,1,"<a href=""/en/squads/4ba7cbea/Bournemouth-Stats"">Bournemouth</a>",9,0.70,0,0.3
0,0,0.06,DF,0.1,0.1,0.33,0.05,3.0,1997,0.00,0.00,3,0.05,0,3,1,0.33,0,28-115,0,0.11,270,0,Marcos Senesi,0.3,10,0.33,1,"<a href=""/en/squads/4ba7cbea/Bournemouth-Stats"">Bournemouth</a>",0,0.11,0,0.2
0,0,0.07,FW,0.4,0.4,0.00,0.42,0.9,2003,0.00,0.00,0,0.42,0,3,0,0.00,0,22-094,5,0.48,83,0,Benjamin Šeško,0.4,1,0.00,0,"<a href=""/en/squads/19538871/Manchester-United-Stats"">Manchester Utd</a>",0,0.48,0,0.1
0,0,0.11,DF,0.0,0.0,0.00,0.00,1.4,2000,0.00,0.00,2,0.00,0,2,0,0.00,0,25-107,8,0.11,127,0,Ryan Sessegnon,0.2,5,0.00,0,"<a href=""/en/squads/fd962109/Fulham-Stats"">Fulham</a>",4,0.11,0,0.2
0,0,0.03,DF,0.0,0.0,0.00,0.00,2.8,1995,0.00,0.00,3,0.00,0,3,0,0.00,0,30-052,5,0.03,255,0,Luke Shaw,0.1,16,0.00,0,"<a href=""/en/squads/19538871/Manchester-United-Stats"">Manchester Utd</a>",5,0.03,0,0.1
0,0,0.54,MF,0.0,0.0,0.00,0.00,1.9,1994,0.00,0.00,2,0.00,0,3,0,0.00,0,31-023,12,0.54,173,0,Bernardo Silva,1.0,7,0.00,0,"<a href=""/en/squads/b8fd03ef/Manchester-City-Stats"">Manchester City</a>",4,0.54,0,1.0
0,0,0.00,FW,0.0,0.0,0.00,0.00,0.1,1999,0.00,0.00,0,0.00,0,1,0,0.00,0,26-032,1,0.00,12,0,Jota Silva,0.0,0,0.00,0,"<a href=""/en/squads/e4a775cb/Nottingham-Forest-Stats"">Nott'ham Forest</a>",0,0.00,0,0.0
0,0,0.12,DF,0.0,0.0,0.00,0.00,2.3,1991,0.00,0.00,3,0.00,0,3,0,0.00,0,34-126,2,0.12,204,0,Adam Smith,0.3,6,0.00,0,"<a href=""/en/squads/4ba7cbea/Bournemouth-Stats"">Bournemouth</a>",1,0.12,0,0.3
1,1,0.04,"MF,FW",0.8,0.8,1.55,1.23,0.6,2000,1.55,1.55,0,1.23,0,3,1,1.55,0,25-036,6,1.27,58,0,Emile Smith Rowe,0.8,2,0.00,0,"<a href=""/en/squads/fd962109/Fulham-Stats"">Fulham</a>",1,1.27,0,0.0
0,0,0.00,FW,0.2,0.2,0.00,0.57,0.4,1997,0.00,0.00,0,0.57,0,2,0,0.00,0,27-353,2,0.57,33,0,Dominic Solanke,0.2,0,0.00,0,"<a href=""/en/squads/361ca564/Tottenham-Hotspur-Stats"">Tottenham</a>",0,0.57,0,0.0
0,0,0.03,"DF,FW",0.0,0.0,0.00,0.03,1.2,2000,0.00,0.00,1,0.03,0,3,0,0.00,0,24-296,3,0.06,104,0,Oliver Sonne,0.1,4,0.00,0,"<a href=""/en/squads/943e8050/Burnley-Stats"">Burnley</a>",0,0.06,0,0.0
0,0,0.00,MF,0.2,0.2,0.00,0.08,2.0,1995,0.00,0.00,2,0.08,0,3,0,0.00,0,30-187,1,0.08,179,0,Tomáš Souček,0.2,4,0.00,0,"<a href=""/en/squads/7c21e445/West-Ham-United-Stats"">West Ham</a>",1,0.08,0,0.0
0,0,0.02,DF,0.2,0.2,0.00,0.06,3.0,2000,0.00,0.00,3,0.06,1,3,0,0.00,0,25-024,11,0.08,270,0,Djed Spence,0.2,16,0.00,0,"<a href=""/en/squads/361ca564/Tottenham-Hotspur-Stats"">Tottenham</a>",10,0.08,0,0.0
0,0,0.22,MF,0.4,0.4,0.00,0.14,3.0,1998,0.00,0.00,3,0.14,0,3,0,0.00,0,26-291,7,0.36,270,0,Anton Stach,1.1,19,0.00,0,"<a href=""/en/squads/5bfb9659/Leeds-United-Stats"">Leeds United</a>",7,0.36,0,0.7
0,0,0.00,DF,0.0,0.0,0.00,0.00,2.9,1994,0.00,0.00,3,0.00,0,3,0,0.00,0,31-097,1,0.00,261,0,John Stones,0.0,14,0.00,0,"<a href=""/en/squads/b8fd03ef/Manchester-City-Stats"">Manchester City</a>",2,0.00,0,0.0
0,0,0.00,FW,0.5,0.5,0.00,0.28,1.8,2000,0.00,0.00,2,0.28,0,2,0,0.00,0,25-208,9,0.28,158,0,Jørgen Strand Larsen,0.5,1,0.00,0,"<a href=""/en/squads/8cec06e1/Wolverhampton-Wanderers-Stats"">Wolves</a>",0,0.28,0,0.0
0,0,0.01,DF,0.2,0.2,0.00,0.07,3.0,1999,0.00,0.00,3,0.07,0,3,0,0.00,0,26-022,0,0.08,270,0,Pascal Struijk,0.2,8,0.00,0,"<a href=""/en/squads/5bfb9659/Leeds-United-Stats"">Leeds United</a>",0,0.08,0,0.0
0,0,0.67,FW,0.0,0.0,10.00,0.00,0.1,2001,0.00,0.00,0,0.00,0,1,1,10.00,0,23-307,2,0.67,9,0,Crysencio Summerville,0.1,1,10.00,1,"<a href=""/en/squads/7c21e445/West-Ham-United-Stats"">West Ham</a>",2,0.67,0,0.1
1,1,0.07,"DF,MF",0.1,0.1,0.33,0.04,3.0,2000,0.33,0.33,3,0.04,0,3,1,0.33,0,24-312,6,0.11,270,0,Dominik Szoboszlai,0.3,15,0.00,0,"<a href=""/en/squads/822bd0ba/Liverpool-Stats"">Liverpool</a>",5,0.11,0,0.2
0,0,0.04,FW,0.3,0.3,0.42,0.13,2.4,2005,0.00,0.00,3,0.13,0,3,1,0.42,0,20-116,18,0.17,215,0,Chemsdine Talbi,0.4,3,0.42,1,"<a href=""/en/squads/8ef52968/Sunderland-Stats"">Sunderland</a>",1,0.17,0,0.1
0,0,0.07,MF,0.1,0.1,0.00,0.06,1.6,1998,0.00,0.00,2,0.06,0,2,0,0.00,0,26-357,2,0.13,146,0,Ao Tanaka,0.2,6,0.00,0,"<a href=""/en/squads/5bfb9659/Leeds-United-Stats"">Leeds United</a>",1,0.13,0,0.1
0,0,0.00,DF,0.4,0.4,0.00,0.14,3.0,1992,0.00,0.00,3,0.14,0,3,0,0.00,0,32-287,0,0.14,270,0,James Tarkowski,0.4,9,0.00,0,"<a href=""/en/squads/d3fd31cc/Everton-Stats"">Everton</a>",3,0.14,0,0.0
1,1,0.07,MF,0.8,0.8,0.36,0.30,2.7,1999,0.36,0.36,3,0.30,0,3,1,0.36,0,26-164,17,0.37,247,0,Marcus Tavernier,1.0,12,0.00,0,"<a href=""/en/squads/4ba7cbea/Bournemouth-Stats"">Bournemouth</a>",5,0.37,0,0.2
0,0,0.00,"MF,FW",0.2,0.2,0.00,0.37,0.6,2003,0.00,0.00,0,0.37,1,3,0,0.00,0,21-359,2,0.37,51,0,Loum Tchaouna,0.2,2,0.00,0,"<a href=""/en/squads/943e8050/Burnley-Stats"">Burnley</a>",2,0.37,0,0.0
0,0,0.01,MF,0.0,0.0,0.00,0.00,1.3,2001,0.00,0.00,1,0.00,0,2,0,0.00,0,23-353,11,0.01,118,0,Jackson Tchatchoua,0.0,1,0.00,0,"<a href=""/en/squads/8cec06e1/Wolverhampton-Wanderers-Stats"">Wolves</a>",0,0.01,0,0.0
0,0,0.00,FW,0.0,0.0,0.00,0.20,0.2,2005,0.00,0.00,0,0.20,0,2,0,0.00,0,20-128,4,0.20,21,0,Mathys Tel,0.0,2,0.00,0,"<a href=""/en/squads/361ca564/Tottenham-Hotspur-Stats"">Tottenham</a>",0,0.20,0,0.0
0,0,0.04,DF,0.1,0.1,0.00,0.02,3.0,1995,0.00,0.00,3,0.02,0,3,0,0.00,0,29-328,4,0.06,270,0,Kenny Tete,0.2,14,0.00,0,"<a href=""/en/squads/fd962109/Fulham-Stats"">Fulham</a>",4,0.06,0,0.1
1,2,0.26,FW,0.5,1.2,0.67,0.41,3.0,2001,0.67,0.33,3,0.15,1,3,2,0.33,1,24-068,7,0.41,270,1,Thiago,1.2,3,0.00,0,"<a href=""/en/squads/cd051869/Brentford-Stats"">Brentford</a>",3,0.67,0,0.8
0,0,0.00,DF,0.0,0.0,0.00,0.00,0.1,2001,0.00,0.00,0,0.00,0,1,0,0.00,0,24-025,0,0.00,10,0,Malick Thiaw,0.0,1,0.00,0,"<a href=""/en/squads/b2b47a98/Newcastle-United-Stats"">Newcastle Utd</a>",0,0.00,0,0.0
0,0,0.06,MF,0.1,0.1,0.00,0.04,3.0,1997,0.00,0.00,3,0.04,0,3,0,0.00,0,28-118,10,0.10,270,0,Youri Tielemans,0.3,18,0.00,0,"<a href=""/en/squads/8602292d/Aston-Villa-Stats"">Aston Villa</a>",7,0.10,0,0.2
2,2,0.09,DF,0.8,0.8,1.56,0.43,1.9,2001,1.04,1.04,2,0.43,1,3,3,1.56,0,24-077,5,0.52,173,0,Jurriën Timber,1.0,11,0.52,1,"<a href=""/en/squads/18bb7c10/Arsenal-Stats"">Arsenal</a>",4,0.52,0,0.2
0,0,0.00,DF,0.0,0.0,0.00,0.00,1.4,1999,0.00,0.00,2,0.00,0,2,0,0.00,0,25-246,1,0.00,126,0,Jean-Clair Todibo,0.0,7,0.00,0,"<a href=""/en/squads/7c21e445/West-Ham-United-Stats"">West Ham</a>",2,0.00,0,0.0
0,0,0.23,MF,0.1,0.1,0.00,0.03,2.7,2000,0.00,0.00,3,0.03,0,3,0,0.00,0,25-117,7,0.26,245,0,Sandro Tonali,0.7,20,0.00,0,"<a href=""/en/squads/b2b47a98/Newcastle-United-Stats"">Newcastle Utd</a>",8,0.26,0,0.6
0,0,0.00,DF,0.1,0.1,0.00,0.06,1.2,1997,0.00,0.00,1,0.06,0,2,0,0.00,0,28-229,1,0.06,107,0,Pau Torres,0.1,9,0.00,0,"<a href=""/en/squads/8602292d/Aston-Villa-Stats"">Aston Villa</a>",5,0.06,0,0.0
0,0,0.00,GK,0.0,0.0,0.00,0.00,3.0,2002,0.00,0.00,3,0.00,0,3,0,0.00,0,22-327,0,0.00,270,0,James Trafford,0.0,0,0.00,0,"<a href=""/en/squads/b8fd03ef/Manchester-City-Stats"">Manchester City</a>",0,0.00,0,0.0
0,0,0.20,FW,0.0,0.0,0.00,0.00,0.4,1996,0.00,0.00,0,0.00,0,2,0,0.00,0,29-220,6,0.20,32,0,Adama Traoré,0.1,0,0.00,0,"<a href=""/en/squads/fd962109/Fulham-Stats"">Fulham</a>",3,0.20,0,0.1
0,0,0.02,DF,0.0,0.0,0.00,0.00,2.5,1990,0.00,0.00,3,0.00,0,3,0,0.00,0,34-348,12,0.02,225,0,Kieran Trippier,0.1,18,0.00,0,"<a href=""/en/squads/b2b47a98/Newcastle-United-Stats"">Newcastle Utd</a>",3,0.02,0,0.1
0,0,0.10,FW,0.1,0.1,0.00,0.17,0.4,1994,0.00,0.00,0,0.17,0,1,0,0.00,0,30-272,3,0.28,38,0,Leandro Trossard,0.1,0,0.00,0,"<a href=""/en/squads/18bb7c10/Arsenal-Stats"">Arsenal</a>",0,0.28,0,0.0
0,0,0.15,DF,0.0,0.0,0.00,0.00,3.0,2001,0.00,0.00,3,0.00,0,3,0,0.00,0,23-286,10,0.16,270,0,Adrien Truffert,0.5,15,0.00,0,"<a href=""/en/squads/4ba7cbea/Bournemouth-Stats"">Bournemouth</a>",9,0.16,0,0.5
0,0,0.00,DF,0.0,0.0,0.00,0.10,0.2,2002,0.00,0.00,0,0.10,0,1,0,0.00,0,22-278,4,0.10,20,0,Destiny Udogie,0.0,6,0.00,0,"<a href=""/en/squads/361ca564/Tottenham-Hotspur-Stats"">Tottenham</a>",0,0.10,0,0.0
0,0,0.06,MF,0.0,0.0,0.00,0.05,0.5,2001,0.00,0.00,0,0.05,0,2,0,0.00,0,24-144,1,0.11,48,0,Manuel Ugarte Ribeiro,0.1,6,0.00,0,"<a href=""/en/squads/19538871/Manchester-United-Stats"">Manchester Utd</a>",2,0.11,0,0.0
0,0,0.01,MF,0.1,0.1,0.00,0.04,1.9,2004,0.00,0.00,2,0.04,0,3,0,0.00,0,21-160,3,0.05,171,0,Lesley Ugochukwu,0.1,6,0.00,0,"<a href=""/en/squads/943e8050/Burnley-Stats"">Burnley</a>",0,0.05,0,0.0
0,0,0.00,DF,0.2,0.2,0.00,0.06,3.0,1991,0.00,0.00,3,0.06,0,3,0,0.00,0,34-056,1,0.06,270,0,Virgil van Dijk,0.2,7,0.00,0,"<a href=""/en/squads/822bd0ba/Liverpool-Stats"">Liverpool</a>",3,0.06,0,0.0
0,0,0.00,DF,0.0,0.0,0.00,0.00,1.0,1992,0.00,0.00,1,0.00,1,1,0,0.00,0,33-230,0,0.00,90,0,Joël Veltman,0.0,3,0.00,0,"<a href=""/en/squads/d07537b9/Brighton-and-Hove-Albion-Stats"">Brighton</a>",3,0.00,0,0.0
0,0,0.00,DF,0.6,0.6,0.00,0.20,3.0,2001,0.00,0.00,3,0.20,1,3,0,0.00,0,24-136,0,0.20,270,0,Micky van de Ven,0.6,5,0.00,0,"<a href=""/en/squads/361ca564/Tottenham-Hotspur-Stats"">Tottenham</a>",4,0.20,0,0.0
0,0,0.05,GK,0.0,0.0,0.00,0.00,3.0,2002,0.00,0.00,3,0.00,0,3,0,0.00,0,23-015,0,0.05,270,0,Bart Verbruggen,0.1,0,0.00,0,"<a href=""/en/squads/d07537b9/Brighton-and-Hove-Albion-Stats"">Brighton</a>",0,0.05,0,0.1
0,0,0.00,GK,0.0,0.0,0.00,0.00,3.0,1996,0.00,0.00,3,0.00,0,3,0,0.00,0,28-330,0,0.00,270,0,Guglielmo Vicario,0.0,0,0.00,0,"<a href=""/en/squads/361ca564/Tottenham-Hotspur-Stats"">Tottenham</a>",0,0.00,0,0.0
0,0,0.00,DF,0.0,0.0,0.00,0.00,3.0,1990,0.00,0.00,3,0.00,1,3,0,0.00,0,35-097,2,0.00,270,0,Kyle Walker,0.0,5,0.00,0,"<a href=""/en/squads/943e8050/Burnley-Stats"">Burnley</a>",1,0.00,0,0.0
0,0,0.00,DF,0.0,0.0,0.00,0.03,1.2,1997,0.00,0.00,1,0.03,0,2,0,0.00,0,28-142,4,0.03,111,0,Kyle Walker-Peters,0.0,3,0.00,0,"<a href=""/en/squads/7c21e445/West-Ham-United-Stats"">West Ham</a>",1,0.03,0,0.0
0,0,0.06,DF,0.0,0.0,0.00,0.00,2.0,1997,0.00,0.00,2,0.00,0,2,0,0.00,0,27-280,14,0.06,180,0,Aaron Wan-Bissaka,0.1,6,0.00,0,"<a href=""/en/squads/7c21e445/West-Ham-United-Stats"">West Ham</a>",5,0.06,0,0.1
0,0,0.19,MF,0.1,0.1,0.00,0.04,2.6,1994,0.00,0.00,3,0.04,0,3,0,0.00,0,30-305,5,0.23,234,0,James Ward-Prowse,0.6,8,0.00,0,"<a href=""/en/squads/7c21e445/West-Ham-United-Stats"">West Ham</a>",1,0.23,0,0.5
0,0,0.10,FW,1.1,1.1,0.00,0.37,3.0,1995,0.00,0.00,3,0.37,0,3,0,0.00,0,29-246,19,0.47,270,0,Ollie Watkins,1.4,5,0.00,0,"<a href=""/en/squads/8602292d/Aston-Villa-Stats"">Aston Villa</a>",8,0.47,0,0.3
0,0,0.03,FW,0.8,1.6,0.00,0.82,1.9,1990,0.00,0.00,2,0.40,0,3,0,0.00,0,34-280,2,0.43,172,1,Danny Welbeck,0.8,0,0.00,0,"<a href=""/en/squads/d07537b9/Brighton-and-Hove-Albion-Stats"">Brighton</a>",0,0.84,0,0.1
0,0,0.16,MF,0.0,0.0,0.00,0.00,2.5,2004,0.00,0.00,3,0.00,0,3,0,0.00,0,21-092,0,0.16,226,0,Adam Wharton,0.4,10,0.00,0,"<a href=""/en/squads/47c64c55/Crystal-Palace-Stats"">Crystal Palace</a>",2,0.16,0,0.4
0,0,0.06,DF,0.0,0.0,0.00,0.02,0.8,1997,0.00,0.00,1,0.02,0,1,0,0.00,0,27-329,0,0.07,70,0,Ben White,0.1,4,0.00,0,"<a href=""/en/squads/18bb7c10/Arsenal-Stats"">Arsenal</a>",1,0.07,0,0.0
0,0,0.00,DF,0.0,0.0,0.00,0.01,1.9,1999,0.00,0.00,2,0.01,1,2,0,0.00,0,25-290,6,0.01,174,0,Mats Wieffer,0.0,11,0.00,0,"<a href=""/en/squads/d07537b9/Brighton-and-Hove-Albion-Stats"">Brighton</a>",2,0.01,0,0.0
0,0,0.11,DF,0.0,0.0,0.00,0.01,3.0,2001,0.00,0.00,3,0.01,1,3,0,0.00,0,24-142,19,0.12,270,0,Neco Williams,0.4,16,0.00,0,"<a href=""/en/squads/e4a775cb/Nottingham-Forest-Stats"">Nott'ham Forest</a>",9,0.12,0,0.3
0,0,0.44,FW,1.0,1.0,0.50,0.49,2.0,2007,0.00,0.00,2,0.49,1,3,1,0.50,0,18-131,19,0.93,180,0,Estêvão Willian,1.9,3,0.50,1,"<a href=""/en/squads/cff3d9bb/Chelsea-Stats"">Chelsea</a>",7,0.93,0,0.9
1,1,0.04,FW,1.1,1.1,0.98,1.07,1.0,1992,0.98,0.98,0,1.07,0,3,1,0.98,0,33-187,5,1.11,92,0,Callum Wilson,1.1,0,0.00,0,"<a href=""/en/squads/7c21e445/West-Ham-United-Stats"">West Ham</a>",1,1.11,0,0.0
0,0,0.00,FW,0.1,0.1,0.00,0.06,1.7,1997,0.00,0.00,1,0.06,0,3,0,0.00,0,28-164,12,0.06,150,0,Harry Wilson,0.1,2,0.00,0,"<a href=""/en/squads/fd962109/Fulham-Stats"">Fulham</a>",3,0.06,0,0.0
0,0,0.00,MF,0.0,0.0,0.00,0.00,0.1,2004,0.00,0.00,0,0.00,0,1,0,0.00,0,20-363,0,0.00,7,0,Ben Winterburn,0.0,0,0.00,0,"<a href=""/en/squads/4ba7cbea/Bournemouth-Stats"">Bournemouth</a>",0,0.00,0,0.0
0,0,0.13,MF,0.4,0.4,0.00,0.14,2.8,2003,0.00,0.00,3,0.14,0,3,0,0.00,0,22-122,15,0.27,248,0,Florian Wirtz,0.7,14,0.00,0,"<a href=""/en/squads/822bd0ba/Liverpool-Stats"">Liverpool</a>",4,0.27,0,0.4
2,2,0.04,FW,1.6,1.6,0.76,0.59,2.6,1991,0.76,0.76,3,0.59,0,3,2,0.76,0,33-269,7,0.63,237,0,Chris Wood,1.7,3,0.00,0,"<a href=""/en/squads/e4a775cb/Nottingham-Forest-Stats"">Nott'ham Forest</a>",0,0.63,0,0.1
0,0,0.00,DF,0.0,0.0,0.00,0.00,0.2,1997,0.00,0.00,0,0.00,0,2,0,0.00,0,28-235,0,0.00,16,0,Joe Worrall,0.0,0,0.00,0,"<a href=""/en/squads/943e8050/Burnley-Stats"">Burnley</a>",0,0.00,0,0.0
0,0,0.08,MF,0.1,0.1,0.33,0.02,3.0,1992,0.00,0.00,3,0.02,1,3,1,0.33,0,32-340,3,0.09,270,0,Granit Xhaka,0.3,20,0.33,1,"<a href=""/en/squads/8ef52968/Sunderland-Stats"">Sunderland</a>",2,0.09,0,0.2
0,0,0.01,MF,0.1,0.1,0.00,0.04,2.9,2004,0.00,0.00,3,0.04,0,3,0,0.00,0,21-185,1,0.05,258,0,Yehor Yarmoliuk,0.1,5,0.00,0,"<a href=""/en/squads/cd051869/Brentford-Stats"">Brentford</a>",2,0.05,0,0.0
0,0,0.00,MF,0.0,0.0,0.00,0.00,0.1,1997,0.00,0.00,0,0.00,0,2,0,0.00,0,27-285,0,0.00,10,0,Ryan Yates,0.0,2,0.00,0,"<a href=""/en/squads/e4a775cb/Nottingham-Forest-Stats"">Nott'ham Forest</a>",0,0.00,0,0.0
0,0,0.00,DF,0.3,0.3,0.00,0.09,2.9,2005,0.00,0.00,3,0.09,0,3,0,0.00,0,19-293,2,0.10,260,0,Leny Yoro,0.3,9,0.00,0,"<a href=""/en/squads/19538871/Manchester-United-Stats"">Manchester Utd</a>",4,0.10,0,0.0
0,0,0.07,"FW,MF",0.6,0.6,0.00,0.97,0.7,2001,0.00,0.00,0,0.97,0,1,0,0.00,0,24-103,3,1.04,60,0,Joshua Zirkzee,0.7,3,0.00,0,"<a href=""/en/squads/19538871/Manchester-United-Stats"">Manchester Utd</a>",0,1.04,0,0.0
0,0,0.00,MF,0.0,0.0,0.00,0.02,3.0,1999,0.00,0.00,3,0.02,1,3,0,0.00,0,26-212,1,0.02,270,0,Martín Zubimendi,0.0,12,0.00,0,"<a href=""/en/squads/18bb7c10/Arsenal-Stats"">Arsenal</a>",3,0.02,0,0.0
0,0,0.09,MF,0.1,0.1,0.00,0.09,1.6,1998,0.00,0.00,2,0.09,0,3,0,0.00,0,26-259,2,0.18,148,0,Martin Ødegaard,0.3,14,0.00,0,"<a href=""/en/squads/18bb7c10/Arsenal-Stats"">Arsenal</a>",8,0.18,0,0.1
